date,open,high,low,close,volume,dividends,stock_splits,coin
2023-08-23 00:00:00+00:00,0.0001300000003539,0.000134000001708,0.0001289999927394,0.0001320000010309,4,0.0,0.0,UNI
2023-08-24 00:00:00+00:00,0.0001320000010309,0.0001329999940935,0.0001300000003539,0.0001309999934164,4,0.0,0.0,UNI
2023-08-25 00:00:00+00:00,0.0001309999934164,0.0001570000022184,0.0001309999934164,0.0001559999946039,12,0.0,0.0,UNI
2023-08-26 00:00:00+00:00,0.0001559999946039,0.0001570000022184,0.0001559999946039,0.0001559999946039,12,0.0,0.0,UNI
2023-08-27 00:00:00+00:00,0.0001559999946039,0.0001570000022184,0.0001559999946039,0.0001570000022184,12,0.0,0.0,UNI
2023-08-28 00:00:00+00:00,0.0001570000022184,0.0001570000022184,0.0001550000015413,0.0001570000022184,12,0.0,0.0,UNI
2023-08-29 00:00:00+00:00,0.0001570000022184,0.0001679999986663,0.0001559999946039,0.0001659999979892,12,0.0,0.0,UNI
2023-08-30 00:00:00+00:00,0.0001659999979892,0.0001659999979892,0.0001630000042496,0.0001639999973122,12,0.0,0.0,UNI
2023-08-31 00:00:00+00:00,0.0001639999973122,0.0001650000049266,0.0001550000015413,0.0001559999946039,12,0.0,0.0,UNI
2023-09-01 00:00:00+00:00,0.0001559999946039,0.0001570000022184,0.0001530000008642,0.0001550000015413,12,0.0,0.0,UNI
2023-09-02 00:00:00+00:00,0.0001550000015413,0.0001559999946039,0.0001550000015413,0.0001550000015413,12,0.0,0.0,UNI
2023-09-03 00:00:00+00:00,0.0001550000015413,0.0001559999946039,0.0001550000015413,0.0001559999946039,12,0.0,0.0,UNI
2023-09-04 00:00:00+00:00,0.0001559999946039,0.0001559999946039,0.0001539999939268,0.0001550000015413,12,0.0,0.0,UNI
2023-09-05 00:00:00+00:00,0.0001550000015413,0.0001550000015413,0.0001539999939268,0.0001550000015413,12,0.0,0.0,UNI
2023-09-06 00:00:00+00:00,0.0001550000015413,0.0001559999946039,0.0001530000008642,0.0001550000015413,11,0.0,0.0,UNI
2023-09-07 00:00:00+00:00,0.0001550000015413,0.0001579999952809,0.0001539999939268,0.0001570000022184,12,0.0,0.0,UNI
2023-09-08 00:00:00+00:00,0.0001570000022184,0.0001579999952809,0.0001539999939268,0.0001559999946039,12,0.0,0.0,UNI
2023-09-09 00:00:00+00:00,0.0001559999946039,0.0001559999946039,0.0001550000015413,0.0001550000015413,12,0.0,0.0,UNI
2023-09-10 00:00:00+00:00,0.0001550000015413,0.0001559999946039,0.0001539999939268,0.0001550000015413,12,0.0,0.0,UNI
2023-09-11 00:00:00+00:00,0.0001550000015413,0.0001550000015413,0.0001500000071246,0.0001510000001871,11,0.0,0.0,UNI
2023-09-12 00:00:00+00:00,0.0001510000001871,0.0001579999952809,0.0001510000001871,0.0001550000015413,12,0.0,0.0,UNI
2023-09-13 00:00:00+00:00,0.0001550000015413,0.0001579999952809,0.0001550000015413,0.0001570000022184,12,0.0,0.0,UNI
2023-09-14 00:00:00+00:00,0.0001570000022184,0.000159999995958,0.0001570000022184,0.0001590000028954,12,0.0,0.0,UNI
2023-09-15 00:00:00+00:00,0.0001590000028954,0.0001610000035725,0.0001579999952809,0.000159999995958,12,0.0,0.0,UNI
2023-09-16 00:00:00+00:00,0.000159999995958,0.0001610000035725,0.0001590000028954,0.0001590000028954,12,0.0,0.0,UNI
2023-09-17 00:00:00+00:00,0.0001590000028954,0.000159999995958,0.0001590000028954,0.0001590000028954,12,0.0,0.0,UNI
2023-09-18 00:00:00+00:00,0.0001590000028954,0.0001639999973122,0.0001590000028954,0.0001610000035725,12,0.0,0.0,UNI
2023-09-19 00:00:00+00:00,0.0001610000035725,0.0001650000049266,0.000159999995958,0.0001630000042496,12,0.0,0.0,UNI
2023-09-20 00:00:00+00:00,0.0001630000042496,0.0001639999973122,0.0001610000035725,0.0001630000042496,12,0.0,0.0,UNI
2023-09-21 00:00:00+00:00,0.0001630000042496,0.0001630000042496,0.0001590000028954,0.0001590000028954,12,0.0,0.0,UNI
2023-09-22 00:00:00+00:00,0.0001590000028954,0.000159999995958,0.0001590000028954,0.000159999995958,12,0.0,0.0,UNI
2023-09-23 00:00:00+00:00,0.000159999995958,0.000159999995958,0.0001590000028954,0.000159999995958,12,0.0,0.0,UNI
2023-09-24 00:00:00+00:00,0.000159999995958,0.000159999995958,0.0001579999952809,0.0001579999952809,12,0.0,0.0,UNI
2023-09-25 00:00:00+00:00,0.0001579999952809,0.0001579999952809,0.0001559999946039,0.0001579999952809,12,0.0,0.0,UNI
2023-09-26 00:00:00+00:00,0.0001579999952809,0.0001579999952809,0.0001570000022184,0.0001570000022184,12,0.0,0.0,UNI
2023-09-27 00:00:00+00:00,0.0001570000022184,0.0001610000035725,0.0001570000022184,0.0001579999952809,12,0.0,0.0,UNI
2023-09-28 00:00:00+00:00,0.0001579999952809,0.0001630000042496,0.0001579999952809,0.0001619999966351,12,0.0,0.0,UNI
2023-09-29 00:00:00+00:00,0.0001619999966351,0.0001630000042496,0.0001610000035725,0.0001619999966351,12,0.0,0.0,UNI
2023-09-30 00:00:00+00:00,0.0001619999966351,0.0001630000042496,0.0001610000035725,0.0001619999966351,12,0.0,0.0,UNI
2023-10-01 00:00:00+00:00,0.0001619999966351,0.0001679999986663,0.0001619999966351,0.0001679999986663,12,0.0,0.0,UNI
2023-10-02 00:00:00+00:00,0.0001679999986663,0.0001710000069579,0.0001650000049266,0.0001650000049266,12,0.0,0.0,UNI
2023-10-03 00:00:00+00:00,0.0001650000049266,0.0001659999979892,0.0001630000042496,0.0001650000049266,12,0.0,0.0,UNI
2023-10-04 00:00:00+00:00,0.0001650000049266,0.0001670000056037,0.0001639999973122,0.0001670000056037,12,0.0,0.0,UNI
2023-10-05 00:00:00+00:00,0.0001670000056037,0.0001679999986663,0.0001639999973122,0.0001650000049266,12,0.0,0.0,UNI
2023-10-06 00:00:00+00:00,0.0001650000049266,0.0001690000062808,0.0001639999973122,0.0001679999986663,12,0.0,0.0,UNI
2023-10-07 00:00:00+00:00,0.0001679999986663,0.0001679999986663,0.0001670000056037,0.0001679999986663,12,0.0,0.0,UNI
2023-10-08 00:00:00+00:00,0.0001679999986663,0.0001690000062808,0.0001670000056037,0.0001679999986663,12,0.0,0.0,UNI
2023-10-09 00:00:00+00:00,0.0001679999986663,0.0001679999986663,0.0001639999973122,0.0001659999979892,12,0.0,0.0,UNI
2023-10-10 00:00:00+00:00,0.0001659999979892,0.0001659999979892,0.0001639999973122,0.0001639999973122,12,0.0,0.0,UNI
2023-10-11 00:00:00+00:00,0.0001639999973122,0.0001650000049266,0.000159999995958,0.0001610000035725,12,0.0,0.0,UNI
2023-10-12 00:00:00+00:00,0.0001610000035725,0.0001619999966351,0.000159999995958,0.0001610000035725,12,0.0,0.0,UNI
2023-10-13 00:00:00+00:00,0.0001610000035725,0.0001630000042496,0.000159999995958,0.0001610000035725,12,0.0,0.0,UNI
2023-10-14 00:00:00+00:00,0.0001610000035725,0.0001619999966351,0.0001610000035725,0.0001610000035725,12,0.0,0.0,UNI
2023-10-15 00:00:00+00:00,0.0001610000035725,0.0001639999973122,0.0001610000035725,0.0001630000042496,12,0.0,0.0,UNI
2023-10-16 00:00:00+00:00,0.0001630000042496,0.0001760000013746,0.0001630000042496,0.0001710000069579,13,0.0,0.0,UNI
2023-10-17 00:00:00+00:00,0.0001710000069579,0.0001720000000204,0.0001690000062808,0.0001710000069579,13,0.0,0.0,UNI
2023-10-18 00:00:00+00:00,0.0001710000069579,0.000172999993083,0.0001690000062808,0.0001699999993434,13,0.0,0.0,UNI
2023-10-19 00:00:00+00:00,0.0001699999993434,0.000172999993083,0.0001690000062808,0.0001720000000204,13,0.0,0.0,UNI
2023-10-20 00:00:00+00:00,0.0001720000000204,0.0001800000027287,0.0001720000000204,0.0001780000020517,13,0.0,0.0,UNI
2023-10-21 00:00:00+00:00,0.0001780000020517,0.0001809999957913,0.0001769999944372,0.0001800000027287,13,0.0,0.0,UNI
2023-10-22 00:00:00+00:00,0.0001800000027287,0.0001809999957913,0.0001789999951142,0.0001800000027287,13,0.0,0.0,UNI
2023-10-23 00:00:00+00:00,0.0001809999957913,0.0002039999963017,0.0001809999957913,0.0001979999942705,15,0.0,0.0,UNI
2023-10-24 00:00:00+00:00,0.0001979999942705,0.0002099999983329,0.0001970000012079,0.0002030000032391,15,0.0,0.0,UNI
2023-10-25 00:00:00+00:00,0.0002030000032391,0.0002099999983329,0.0002030000032391,0.0002070000045932,15,0.0,0.0,UNI
2023-10-26 00:00:00+00:00,0.0002070000045932,0.0002090000052703,0.0002030000032391,0.0002050000039162,15,0.0,0.0,UNI
2023-10-27 00:00:00+00:00,0.0002050000039162,0.0002050000039162,0.000201000002562,0.0002030000032391,15,0.0,0.0,UNI
2023-10-28 00:00:00+00:00,0.0002030000032391,0.0002059999969787,0.0002030000032391,0.0002050000039162,15,0.0,0.0,UNI
2023-10-29 00:00:00+00:00,0.0002050000039162,0.0002079999976558,0.0002039999963017,0.0002070000045932,15,0.0,0.0,UNI
2023-10-30 00:00:00+00:00,0.0002070000045932,0.0002090000052703,0.0002050000039162,0.0002070000045932,15,0.0,0.0,UNI
2023-10-31 00:00:00+00:00,0.0002070000045932,0.0002079999976558,0.0002050000039162,0.0002079999976558,15,0.0,0.0,UNI
2023-11-01 00:00:00+00:00,0.0002079999976558,0.0002130000066244,0.0002050000039162,0.0002130000066244,16,0.0,0.0,UNI
2023-11-02 00:00:00+00:00,0.0002130000066244,0.0002149999927496,0.0002070000045932,0.0002099999983329,16,0.0,0.0,UNI
2023-11-03 00:00:00+00:00,0.0002099999983329,0.0002099999983329,0.0002050000039162,0.0002079999976558,15,0.0,0.0,UNI
2023-11-04 00:00:00+00:00,0.0002079999976558,0.00021199999901,0.0002079999976558,0.0002110000059474,16,0.0,0.0,UNI
2023-11-05 00:00:00+00:00,0.0002110000059474,0.00021199999901,0.0002079999976558,0.0002099999983329,16,0.0,0.0,UNI
2023-11-06 00:00:00+00:00,0.0002099999983329,0.00021199999901,0.0002090000052703,0.0002099999983329,16,0.0,0.0,UNI
2023-11-07 00:00:00+00:00,0.0002099999983329,0.0002149999927496,0.0002079999976558,0.0002130000066244,16,0.0,0.0,UNI
2023-11-08 00:00:00+00:00,0.0002130000066244,0.0002160000003641,0.0002110000059474,0.000213999999687,16,0.0,0.0,UNI
2023-11-09 00:00:00+00:00,0.000213999999687,0.000226999996812,0.000213999999687,0.0002200000017182,16,0.0,0.0,UNI
2023-11-10 00:00:00+00:00,0.0002200000017182,0.000224999996135,0.0002180000010412,0.0002240000030724,17,0.0,0.0,UNI
2023-11-11 00:00:00+00:00,0.0002240000030724,0.0002240000030724,0.0002209999947808,0.0002229999954579,17,0.0,0.0,UNI
2023-11-12 00:00:00+00:00,0.0002229999954579,0.0002229999954579,0.0002209999947808,0.0002220000023953,17,0.0,0.0,UNI
2023-11-13 00:00:00+00:00,0.0002220000023953,0.0002240000030724,0.0002189999941037,0.0002189999941037,16,0.0,0.0,UNI
2023-11-14 00:00:00+00:00,0.0002189999941037,0.0002209999947808,0.0002110000059474,0.0002130000066244,16,0.0,0.0,UNI
2023-11-15 00:00:00+00:00,0.0002130000066244,0.000226999996812,0.00021199999901,0.000226999996812,17,0.0,0.0,UNI
2023-11-16 00:00:00+00:00,0.000226999996812,0.000226999996812,0.000213999999687,0.0002169999934267,16,0.0,0.0,UNI
2023-11-17 00:00:00+00:00,0.0002169999934267,0.0002200000017182,0.0002160000003641,0.0002189999941037,16,0.0,0.0,UNI
2023-11-18 00:00:00+00:00,0.0002189999941037,0.0002209999947808,0.0002169999934267,0.0002200000017182,16,0.0,0.0,UNI
2023-11-19 00:00:00+00:00,0.0002200000017182,0.000224999996135,0.0002189999941037,0.0002240000030724,17,0.0,0.0,UNI
2023-11-20 00:00:00+00:00,0.0002240000030724,0.0002260000037495,0.0002220000023953,0.000224999996135,17,0.0,0.0,UNI
2023-11-21 00:00:00+00:00,0.000224999996135,0.0002260000037495,0.0002149999927496,0.0002149999927496,16,0.0,0.0,UNI
2023-11-22 00:00:00+00:00,0.0002149999927496,0.000226999996812,0.0002149999927496,0.000224999996135,17,0.0,0.0,UNI
2023-11-23 00:00:00+00:00,0.000224999996135,0.0002260000037495,0.0002220000023953,0.0002240000030724,17,0.0,0.0,UNI
2023-11-24 00:00:00+00:00,0.0002240000030724,0.0002300000051036,0.0002240000030724,0.000226999996812,17,0.0,0.0,UNI
2023-11-25 00:00:00+00:00,0.000226999996812,0.000226999996812,0.0002260000037495,0.000226999996812,17,0.0,0.0,UNI
2023-11-26 00:00:00+00:00,0.000226999996812,0.0002870000025723,0.0002229999954579,0.0002849999873433,8,0.0,0.0,UNI
2023-11-27 00:00:00+00:00,0.0002849999873433,0.0013770000077784,0.0002779999922495,0.0013340000296011,83,0.0,0.0,UNI
2023-11-28 00:00:00+00:00,0.0013340000296011,0.0013709999620914,0.001321000047028,0.0013549999566748,84,0.0,0.0,UNI
2023-11-29 00:00:00+00:00,0.0013549999566748,0.0013719999697059,0.0013480000197887,0.0013549999566748,84,0.0,0.0,UNI
2023-11-30 00:00:00+00:00,0.0013549999566748,0.0013650000328198,0.0013449999969452,0.0013510000426322,84,0.0,0.0,UNI
2023-12-01 00:00:00+00:00,0.0013510000426322,0.0013920000055804,0.0013470000121742,0.0013859999598935,86,0.0,0.0,UNI
2023-12-02 00:00:00+00:00,0.0013859999598935,0.0014189999783411,0.0001970000012079,0.0001970000012079,18,0.0,0.0,UNI
2023-12-03 00:00:00+00:00,0.0001970000012079,0.0001999999949475,0.0001970000012079,0.0001999999949475,18,0.0,0.0,UNI
2023-12-04 00:00:00+00:00,0.0001999999949475,0.0002110000059474,0.0001999999949475,0.0002099999983329,19,0.0,0.0,UNI
2023-12-05 00:00:00+00:00,0.0002099999983329,0.0002220000023953,0.0002070000045932,0.0002209999947808,20,0.0,0.0,UNI
2023-12-06 00:00:00+00:00,0.0002209999947808,0.0002209999947808,0.0002180000010412,0.0002189999941037,20,0.0,0.0,UNI
2023-12-07 00:00:00+00:00,0.0002189999941037,0.0002200000017182,0.0002149999927496,0.0002169999934267,19,0.0,0.0,UNI
2023-12-08 00:00:00+00:00,0.0002169999934267,0.0002229999954579,0.0002160000003641,0.0002209999947808,20,0.0,0.0,UNI
2023-12-09 00:00:00+00:00,0.0002209999947808,0.0002220000023953,0.0002180000010412,0.0002189999941037,20,0.0,0.0,UNI
2023-12-10 00:00:00+00:00,0.0002189999941037,0.0002200000017182,0.0002180000010412,0.0002189999941037,20,0.0,0.0,UNI
2023-12-11 00:00:00+00:00,0.0002189999941037,0.0002189999941037,0.0002019999956246,0.0002059999969787,19,0.0,0.0,UNI
2023-12-12 00:00:00+00:00,0.0002059999969787,0.0002099999983329,0.0002039999963017,0.0002070000045932,19,0.0,0.0,UNI
2023-12-13 00:00:00+00:00,0.0002070000045932,0.0002169999934267,0.0002039999963017,0.0002149999927496,19,0.0,0.0,UNI
2023-12-14 00:00:00+00:00,0.0002149999927496,0.0002169999934267,0.0002099999983329,0.0002149999927496,19,0.0,0.0,UNI
2023-12-15 00:00:00+00:00,0.0002149999927496,0.0002149999927496,0.0002090000052703,0.0002099999983329,19,0.0,0.0,UNI
2023-12-16 00:00:00+00:00,0.0002099999983329,0.0002130000066244,0.0002090000052703,0.0002110000059474,19,0.0,0.0,UNI
2023-12-17 00:00:00+00:00,0.0002110000059474,0.00021199999901,0.0002070000045932,0.0002070000045932,19,0.0,0.0,UNI
2023-12-18 00:00:00+00:00,0.0002070000045932,0.0002130000066244,0.0002030000032391,0.0002130000066244,19,0.0,0.0,UNI
2023-12-19 00:00:00+00:00,0.0002130000066244,0.0002160000003641,0.0002090000052703,0.00021199999901,19,0.0,0.0,UNI
2023-12-20 00:00:00+00:00,0.00021199999901,0.0002209999947808,0.0002110000059474,0.0002180000010412,20,0.0,0.0,UNI
2023-12-21 00:00:00+00:00,0.0002180000010412,0.0002209999947808,0.0002169999934267,0.0002189999941037,20,0.0,0.0,UNI
2023-12-22 00:00:00+00:00,0.0002189999941037,0.0002220000023953,0.0002169999934267,0.0002200000017182,20,0.0,0.0,UNI
2023-12-23 00:00:00+00:00,0.0002200000017182,0.0002200000017182,0.0002169999934267,0.0002189999941037,20,0.0,0.0,UNI
2023-12-24 00:00:00+00:00,0.0002189999941037,0.0002200000017182,0.000213999999687,0.0002149999927496,19,0.0,0.0,UNI
2023-12-25 00:00:00+00:00,0.0002149999927496,0.0002189999941037,0.000213999999687,0.0002180000010412,20,0.0,0.0,UNI
2023-12-26 00:00:00+00:00,0.0002180000010412,0.0002180000010412,0.0002090000052703,0.0002130000066244,19,0.0,0.0,UNI
2023-12-27 00:00:00+00:00,0.0002130000066244,0.0002180000010412,0.0002110000059474,0.0002169999934267,19,0.0,0.0,UNI
2023-12-28 00:00:00+00:00,0.0002169999934267,0.0002189999941037,0.00021199999901,0.0002130000066244,19,0.0,0.0,UNI
2023-12-29 00:00:00+00:00,0.0002130000066244,0.0002149999927496,0.0002079999976558,0.0002110000059474,19,0.0,0.0,UNI
2023-12-30 00:00:00+00:00,0.0002110000059474,0.0002130000066244,0.0002079999976558,0.0002110000059474,19,0.0,0.0,UNI
2023-12-31 00:00:00+00:00,0.0002110000059474,0.000213999999687,0.0002099999983329,0.0002110000059474,19,0.0,0.0,UNI
2024-01-01 00:00:00+00:00,0.00021199999901,0.0002209999947808,0.0002110000059474,0.0002209999947808,20,0.0,0.0,UNI
2024-01-02 00:00:00+00:00,0.0002209999947808,0.0002289999974891,0.0002209999947808,0.000224999996135,20,0.0,0.0,UNI
2024-01-03 00:00:00+00:00,0.000224999996135,0.000226999996812,0.0002090000052703,0.000213999999687,19,0.0,0.0,UNI
2024-01-04 00:00:00+00:00,0.000213999999687,0.0002240000030724,0.000213999999687,0.0002209999947808,20,0.0,0.0,UNI
2024-01-05 00:00:00+00:00,0.0002209999947808,0.0002220000023953,0.0002160000003641,0.0002209999947808,20,0.0,0.0,UNI
2024-01-06 00:00:00+00:00,0.0002209999947808,0.0002209999947808,0.0002169999934267,0.0002200000017182,20,0.0,0.0,UNI
2024-01-07 00:00:00+00:00,0.0002200000017182,0.0002220000023953,0.0002180000010412,0.0002200000017182,20,0.0,0.0,UNI
2024-01-08 00:00:00+00:00,0.0002200000017182,0.0002360000071348,0.0002160000003641,0.0002349999995203,21,0.0,0.0,UNI
2024-01-09 00:00:00+00:00,0.0002349999995203,0.0002430000022286,0.0001860000047599,0.0001889999984996,60,0.0,0.0,UNI
2024-01-10 00:00:00+00:00,0.0001889999984996,0.0001950000005308,0.0001840000040829,0.0001909999991767,61,0.0,0.0,UNI
2024-01-11 00:00:00+00:00,0.0001909999991767,0.0001999999949475,0.0001869999978225,0.0001900000061141,61,0.0,0.0,UNI
2024-01-12 00:00:00+00:00,0.0001900000061141,0.0001909999991767,0.0001720000000204,0.0001760000013746,56,0.0,0.0,UNI
2024-01-13 00:00:00+00:00,0.0001760000013746,0.0001769999944372,0.0001740000006975,0.0001760000013746,56,0.0,0.0,UNI
2024-01-14 00:00:00+00:00,0.0001760000013746,0.0001769999944372,0.0001710000069579,0.0001710000069579,55,0.0,0.0,UNI
2024-01-15 00:00:00+00:00,0.0001710000069579,0.0001780000020517,0.0001710000069579,0.0001740000006975,56,0.0,0.0,UNI
2024-01-16 00:00:00+00:00,0.0001740000006975,0.0001789999951142,0.000172999993083,0.0001769999944372,56,0.0,0.0,UNI
2024-01-17 00:00:00+00:00,0.0001769999944372,0.0001769999944372,0.000172999993083,0.0001749999937601,56,0.0,0.0,UNI
2024-01-18 00:00:00+00:00,0.0001749999937601,0.0001760000013746,0.0001670000056037,0.0001690000062808,54,0.0,0.0,UNI
2024-01-19 00:00:00+00:00,0.0001690000062808,0.000172999993083,0.0001650000049266,0.0001710000069579,55,0.0,0.0,UNI
2024-01-20 00:00:00+00:00,0.0001710000069579,0.0001720000000204,0.0001699999993434,0.0001710000069579,55,0.0,0.0,UNI
2024-01-21 00:00:00+00:00,0.0001710000069579,0.0001720000000204,0.0001699999993434,0.0001699999993434,54,0.0,0.0,UNI
2024-01-22 00:00:00+00:00,0.0001699999993434,0.0001710000069579,0.0001619999966351,0.0001619999966351,52,0.0,0.0,UNI
2024-01-23 00:00:00+00:00,0.0001619999966351,0.0001650000049266,0.0001579999952809,0.0001630000042496,52,0.0,0.0,UNI
2024-01-24 00:00:00+00:00,0.0001630000042496,0.0001659999979892,0.0001619999966351,0.0001639999973122,53,0.0,0.0,UNI
2024-01-25 00:00:00+00:00,0.0001639999973122,0.0001650000049266,0.0001619999966351,0.0001639999973122,10,0.0,0.0,UNI
2024-01-26 00:00:00+00:00,0.0001639999973122,0.0001720000000204,0.0001630000042496,0.0001710000069579,11,0.0,0.0,UNI
2024-01-27 00:00:00+00:00,0.0001710000069579,0.000172999993083,0.0001699999993434,0.000172999993083,11,0.0,0.0,UNI
2024-01-28 00:00:00+00:00,0.000172999993083,0.0001749999937601,0.0001710000069579,0.0001720000000204,11,0.0,0.0,UNI
2024-01-29 00:00:00+00:00,0.0001720000000204,0.0001780000020517,0.0001720000000204,0.0001769999944372,11,0.0,0.0,UNI
2024-01-30 00:00:00+00:00,0.0001769999944372,0.0001800000027287,0.0001749999937601,0.0001760000013746,11,0.0,0.0,UNI
2024-01-31 00:00:00+00:00,0.0001760000013746,0.0001789999951142,0.0001740000006975,0.0001749999937601,11,0.0,0.0,UNI
2024-02-01 00:00:00+00:00,0.0001749999937601,0.0001769999944372,0.0001720000000204,0.0001769999944372,11,0.0,0.0,UNI
2024-02-02 00:00:00+00:00,0.0001769999944372,0.0001780000020517,0.0001749999937601,0.0001769999944372,11,0.0,0.0,UNI
2024-02-03 00:00:00+00:00,0.0001769999944372,0.0001780000020517,0.0001760000013746,0.0001760000013746,11,0.0,0.0,UNI
2024-02-04 00:00:00+00:00,0.0001760000013746,0.0001769999944372,0.0001740000006975,0.0001749999937601,11,0.0,0.0,UNI
2024-02-05 00:00:00+00:00,0.0001749999937601,0.0001780000020517,0.000172999993083,0.0001749999937601,11,0.0,0.0,UNI
2024-02-06 00:00:00+00:00,0.0001749999937601,0.0001780000020517,0.0001740000006975,0.0001769999944372,11,0.0,0.0,UNI
2024-02-07 00:00:00+00:00,0.0001769999944372,0.0001820000034058,0.0001749999937601,0.0001820000034058,12,0.0,0.0,UNI
2024-02-08 00:00:00+00:00,0.0001820000034058,0.0001869999978225,0.0001820000034058,0.0001860000047599,12,0.0,0.0,UNI
2024-02-09 00:00:00+00:00,0.0001860000047599,0.0001970000012079,0.0001860000047599,0.0001929999998537,12,0.0,0.0,UNI
2024-02-10 00:00:00+00:00,0.0001929999998537,0.0001970000012079,0.0001920000067912,0.0001959999935934,13,0.0,0.0,UNI
2024-02-11 00:00:00+00:00,0.0001959999935934,0.0001990000018849,0.0001950000005308,0.0001979999942705,13,0.0,0.0,UNI
2024-02-12 00:00:00+00:00,0.0001979999942705,0.0002059999969787,0.0001959999935934,0.0002050000039162,22,0.0,0.0,UNI
2024-02-13 00:00:00+00:00,0.0002050000039162,0.0002059999969787,0.0001990000018849,0.0002039999963017,22,0.0,0.0,UNI
2024-02-14 00:00:00+00:00,0.0002039999963017,0.0002130000066244,0.0002019999956246,0.0002130000066244,23,0.0,0.0,UNI
2024-02-15 00:00:00+00:00,0.0002130000066244,0.0002160000003641,0.0002110000059474,0.0002130000066244,23,0.0,0.0,UNI
2024-02-16 00:00:00+00:00,0.0002130000066244,0.0002149999927496,0.00021199999901,0.000213999999687,7,0.0,0.0,UNI
2024-02-17 00:00:00+00:00,0.000213999999687,0.000213999999687,0.0002079999976558,0.00021199999901,7,0.0,0.0,UNI
2024-02-18 00:00:00+00:00,0.00021199999901,0.0002149999927496,0.0002099999983329,0.000213999999687,7,0.0,0.0,UNI
2024-02-19 00:00:00+00:00,0.000213999999687,0.0002149999927496,0.00021199999901,0.00021199999901,7,0.0,0.0,UNI
2024-02-20 00:00:00+00:00,0.00021199999901,0.0002169999934267,0.0002090000052703,0.000213999999687,7,0.0,0.0,UNI
2024-02-21 00:00:00+00:00,0.000213999999687,0.0002149999927496,0.0002079999976558,0.0002130000066244,7,0.0,0.0,UNI
2024-02-22 00:00:00+00:00,0.0002130000066244,0.0002130000066244,0.0002090000052703,0.0002099999983329,7,0.0,0.0,UNI
2024-02-23 00:00:00+00:00,0.0002099999983329,0.0002110000059474,0.0002079999976558,0.0002079999976558,0,0.0,0.0,UNI
2024-02-24 00:00:00+00:00,0.0002079999976558,0.00021199999901,0.0002070000045932,0.0002110000059474,7,0.0,0.0,UNI
2024-02-25 00:00:00+00:00,0.0002110000059474,0.0002130000066244,0.0002099999983329,0.00021199999901,7,0.0,0.0,UNI
2024-02-26 00:00:00+00:00,0.00021199999901,0.000224999996135,0.0002090000052703,0.0002229999954579,8,0.0,0.0,UNI
2024-02-27 00:00:00+00:00,0.0002229999954579,0.0002360000071348,0.0002229999954579,0.0002340000064577,8,0.0,0.0,UNI
2024-02-28 00:00:00+00:00,0.0002340000064577,0.0004070000140927,0.0002329999988432,0.0004060000064782,7,0.0,0.0,UNI
2024-02-29 00:00:00+00:00,0.0004060000064782,0.0004060000064782,0.0002540000132285,0.0002699999895412,39,0.0,0.0,UNI
2024-03-01 00:00:00+00:00,0.0002699999895412,0.0002779999922495,0.000268000003416,0.0002749999985098,39,0.0,0.0,UNI
2024-03-02 00:00:00+00:00,0.0002749999985098,0.0002749999985098,0.0002709999971557,0.0002730000123847,39,0.0,0.0,UNI
2024-03-03 00:00:00+00:00,0.0002730000123847,0.0002779999922495,0.0002699999895412,0.0002779999922495,40,0.0,0.0,UNI
2024-03-04 00:00:00+00:00,0.0002779999922495,0.0003009999927598,0.0002760000061243,0.0003009999927598,43,0.0,0.0,UNI
2024-03-05 00:00:00+00:00,0.0003009999927598,0.0003030000079888,0.0001829999964684,0.0001920000067912,98,0.0,0.0,UNI
2024-03-06 00:00:00+00:00,0.0001920000067912,0.0002030000032391,0.0001889999984996,0.0001979999942705,102,0.0,0.0,UNI
2024-03-07 00:00:00+00:00,0.0001979999942705,0.0002180000010412,0.0001970000012079,0.000213999999687,9,0.0,0.0,UNI
2024-03-08 00:00:00+00:00,0.000213999999687,0.0002229999954579,0.00021199999901,0.0002189999941037,9,0.0,0.0,UNI
2024-03-09 00:00:00+00:00,0.0002189999941037,0.0002200000017182,0.0002180000010412,0.0002189999941037,9,0.0,0.0,UNI
2024-03-10 00:00:00+00:00,0.0002189999941037,0.0002240000030724,0.0002189999941037,0.0002200000017182,9,0.0,0.0,UNI
2024-03-11 00:00:00+00:00,0.0002200000017182,0.0002329999988432,0.0002169999934267,0.0002309999981662,9,0.0,0.0,UNI
2024-03-12 00:00:00+00:00,0.0002309999981662,0.0002320000057807,0.0002220000023953,0.0002289999974891,9,0.0,0.0,UNI
2024-03-13 00:00:00+00:00,0.0002289999974891,0.0002360000071348,0.0002280000044265,0.0002340000064577,9,0.0,0.0,UNI
2024-03-14 00:00:00+00:00,0.0002340000064577,0.0002360000071348,0.0002200000017182,0.0002289999974891,9,0.0,0.0,UNI
2024-03-15 00:00:00+00:00,0.0002289999974891,0.0002309999981662,0.00021199999901,0.0002220000023953,9,0.0,0.0,UNI
2024-03-16 00:00:00+00:00,0.0002220000023953,0.0002240000030724,0.0002079999976558,0.0002090000052703,8,0.0,0.0,UNI
2024-03-17 00:00:00+00:00,0.0002090000052703,0.0002200000017182,0.0002070000045932,0.0002189999941037,9,0.0,0.0,UNI
2024-03-18 00:00:00+00:00,0.0002189999941037,0.0002200000017182,0.0002130000066244,0.0002169999934267,9,0.0,0.0,UNI
2024-03-19 00:00:00+00:00,0.0002169999934267,0.0002180000010412,0.0001970000012079,0.0001979999942705,8,0.0,0.0,UNI
2024-03-20 00:00:00+00:00,0.0001979999942705,0.0002180000010412,0.0001950000005308,0.0002169999934267,9,0.0,0.0,UNI
2024-03-21 00:00:00+00:00,0.0002169999934267,0.0002180000010412,0.0002079999976558,0.0002099999983329,8,0.0,0.0,UNI
2024-03-22 00:00:00+00:00,0.0002099999983329,0.0002130000066244,0.0001999999949475,0.0002030000032391,8,0.0,0.0,UNI
2024-03-23 00:00:00+00:00,0.0002030000032391,0.0002110000059474,0.0002019999956246,0.0002050000039162,8,0.0,0.0,UNI
2024-03-24 00:00:00+00:00,0.0002050000039162,0.0002160000003641,0.0002039999963017,0.0002149999927496,9,0.0,0.0,UNI
2024-03-25 00:00:00+00:00,0.0002149999927496,0.000226999996812,0.0002130000066244,0.0002240000030724,9,0.0,0.0,UNI
2024-03-26 00:00:00+00:00,0.0002240000030724,0.0002289999974891,0.0002220000023953,0.0002240000030724,9,0.0,0.0,UNI
2024-03-27 00:00:00+00:00,0.0002240000030724,0.0002289999974891,0.0002189999941037,0.0002229999954579,9,0.0,0.0,UNI
2024-03-28 00:00:00+00:00,0.0002229999954579,0.0002289999974891,0.0002209999947808,0.0002260000037495,9,0.0,0.0,UNI
2024-03-29 00:00:00+00:00,0.0002260000037495,0.000226999996812,0.0002209999947808,0.0002240000030724,9,0.0,0.0,UNI
2024-03-30 00:00:00+00:00,0.0002240000030724,0.000224999996135,0.0002229999954579,0.0002229999954579,9,0.0,0.0,UNI
2024-03-31 00:00:00+00:00,0.0002229999954579,0.0002280000044265,0.0002229999954579,0.0002280000044265,9,0.0,0.0,UNI
2024-04-01 00:00:00+00:00,0.0002280000044265,0.0002280000044265,0.0002180000010412,0.0002229999954579,9,0.0,0.0,UNI
2024-04-02 00:00:00+00:00,0.0002229999954579,0.0002229999954579,0.0002070000045932,0.0002090000052703,8,0.0,0.0,UNI
2024-04-03 00:00:00+00:00,0.0002090000052703,0.000213999999687,0.0002070000045932,0.0002110000059474,9,0.0,0.0,UNI
2024-04-04 00:00:00+00:00,0.0002110000059474,0.0002209999947808,0.0002079999976558,0.0002189999941037,9,0.0,0.0,UNI
2024-04-05 00:00:00+00:00,0.0002189999941037,0.0002200000017182,0.00021199999901,0.0002169999934267,9,0.0,0.0,UNI
2024-04-06 00:00:00+00:00,0.0002169999934267,0.0002229999954579,0.0002160000003641,0.0002209999947808,9,0.0,0.0,UNI
2024-04-07 00:00:00+00:00,0.0002209999947808,0.000224999996135,0.0002200000017182,0.0002220000023953,9,0.0,0.0,UNI
2024-04-08 00:00:00+00:00,0.0002220000023953,0.0002669999958015,0.0002209999947808,0.0002650000096764,8,0.0,0.0,UNI
2024-04-09 00:00:00+00:00,0.0002650000096764,0.001801999984309,0.0002070000045932,0.0002079999976558,334,0.0,0.0,UNI
2024-04-10 00:00:00+00:00,0.0002079999976558,0.0018119999440386,0.0002039999963017,0.00021199999901,18,0.0,0.0,UNI
2024-04-11 00:00:00+00:00,0.00021199999901,0.000213999999687,0.0002090000052703,0.0002099999983329,18,0.0,0.0,UNI
2024-04-12 00:00:00+00:00,0.0002099999983329,0.000213999999687,0.0001979999942705,0.0002019999956246,17,0.0,0.0,UNI
2024-04-13 00:00:00+00:00,0.0002019999956246,0.0002039999963017,0.0001849999971454,0.0001920000067912,17,0.0,0.0,UNI
2024-04-14 00:00:00+00:00,0.0001920000067912,0.0001970000012079,0.0001869999978225,0.0001970000012079,17,0.0,0.0,UNI
2024-04-15 00:00:00+00:00,0.0001970000012079,0.0001999999949475,0.000188000005437,0.0001900000061141,16,0.0,0.0,UNI
2024-04-16 00:00:00+00:00,0.0001900000061141,0.0001929999998537,0.0001849999971454,0.0001909999991767,16,0.0,0.0,UNI
2024-04-17 00:00:00+00:00,0.0001909999991767,0.0001929999998537,0.0001800000027287,0.0001840000040829,16,0.0,0.0,UNI
2024-04-18 00:00:00+00:00,0.0001840000040829,0.0001920000067912,0.0001829999964684,0.0001900000061141,16,0.0,0.0,UNI
2024-04-19 00:00:00+00:00,0.0001900000061141,0.0001959999935934,0.0001800000027287,0.0001920000067912,17,0.0,0.0,UNI
2024-04-20 00:00:00+00:00,0.0001920000067912,0.0001959999935934,0.0001900000061141,0.0001950000005308,17,0.0,0.0,UNI
2024-04-21 00:00:00+00:00,0.0001950000005308,0.0001970000012079,0.0001929999998537,0.0001950000005308,17,0.0,0.0,UNI
2024-04-22 00:00:00+00:00,0.0001950000005308,0.0002019999956246,0.0001939999929163,0.0001999999949475,17,0.0,0.0,UNI
2024-04-23 00:00:00+00:00,0.0001999999949475,0.0002019999956246,0.0001979999942705,0.0001999999949475,13,0.0,0.0,UNI
2024-04-24 00:00:00+00:00,0.0001999999949475,0.0002019999956246,0.0001920000067912,0.0001929999998537,13,0.0,0.0,UNI
2024-04-25 00:00:00+00:00,0.0001929999998537,0.0001959999935934,0.0001889999984996,0.0001939999929163,13,0.0,0.0,UNI
2024-04-26 00:00:00+00:00,0.0001939999929163,0.0001950000005308,0.0001909999991767,0.0001920000067912,13,0.0,0.0,UNI
2024-04-27 00:00:00+00:00,0.0001920000067912,0.0001920000067912,0.000188000005437,0.0001900000061141,9,0.0,0.0,UNI
2024-04-28 00:00:00+00:00,0.0001900000061141,0.0001929999998537,0.0001889999984996,0.0001889999984996,35,0.0,0.0,UNI
2024-04-29 00:00:00+00:00,0.0001889999984996,0.0001920000067912,0.0001860000047599,0.0001909999991767,35,0.0,0.0,UNI
2024-04-30 00:00:00+00:00,0.0001909999991767,0.0001939999929163,0.0001789999951142,0.0001820000034058,33,0.0,0.0,UNI
2024-05-01 00:00:00+00:00,0.0001820000034058,0.0001820000034058,0.0001699999993434,0.0001749999937601,32,0.0,0.0,UNI
2024-05-02 00:00:00+00:00,0.0001749999937601,0.0001789999951142,0.0001710000069579,0.0001769999944372,32,0.0,0.0,UNI
2024-05-03 00:00:00+00:00,0.0001769999944372,0.0001900000061141,0.0001769999944372,0.0001889999984996,34,0.0,0.0,UNI
2024-05-04 00:00:00+00:00,0.0001889999984996,0.0001929999998537,0.000188000005437,0.0001920000067912,35,0.0,0.0,UNI
2024-05-05 00:00:00+00:00,0.0001920000067912,0.0001939999929163,0.0001889999984996,0.0001920000067912,35,0.0,0.0,UNI
2024-05-06 00:00:00+00:00,0.0001920000067912,0.0001959999935934,0.0001889999984996,0.0001900000061141,35,0.0,0.0,UNI
2024-05-07 00:00:00+00:00,0.0001900000061141,0.0001929999998537,0.0001869999978225,0.0001869999978225,34,0.0,0.0,UNI
2024-05-08 00:00:00+00:00,0.0001869999978225,0.0001889999984996,0.0001829999964684,0.0001840000040829,33,0.0,0.0,UNI
2024-05-09 00:00:00+00:00,0.0001840000040829,0.0001900000061141,0.0001820000034058,0.0001889999984996,35,0.0,0.0,UNI
2024-05-10 00:00:00+00:00,0.0001889999984996,0.0001900000061141,0.0001809999957913,0.0001820000034058,33,0.0,0.0,UNI
2024-05-11 00:00:00+00:00,0.0001820000034058,0.0001840000040829,0.0001820000034058,0.0001820000034058,33,0.0,0.0,UNI
2024-05-12 00:00:00+00:00,0.0001820000034058,0.0001849999971454,0.0001820000034058,0.0001849999971454,34,0.0,0.0,UNI
2024-05-13 00:00:00+00:00,0.0001849999971454,0.0001900000061141,0.0001820000034058,0.0001889999984996,34,0.0,0.0,UNI
2024-05-14 00:00:00+00:00,0.0001889999984996,0.0001889999984996,0.0001829999964684,0.0001849999971454,34,0.0,0.0,UNI
2024-05-15 00:00:00+00:00,0.0001849999971454,0.0001990000018849,0.0001840000040829,0.0001990000018849,36,0.0,0.0,UNI
2024-05-16 00:00:00+00:00,0.0001990000018849,0.0001999999949475,0.0001939999929163,0.0001959999935934,36,0.0,0.0,UNI
2024-05-17 00:00:00+00:00,0.0001959999935934,0.0002019999956246,0.0001950000005308,0.000201000002562,37,0.0,0.0,UNI
2024-05-18 00:00:00+00:00,0.000201000002562,0.0002019999956246,0.0001999999949475,0.000201000002562,37,0.0,0.0,UNI
2024-05-19 00:00:00+00:00,0.000201000002562,0.0002030000032391,0.0001979999942705,0.0001990000018849,36,0.0,0.0,UNI
2024-05-20 00:00:00+00:00,0.0001990000018849,0.000213999999687,0.0001979999942705,0.000213999999687,39,0.0,0.0,UNI
2024-05-21 00:00:00+00:00,0.000213999999687,0.0002149999927496,0.0002079999976558,0.0002110000059474,38,0.0,0.0,UNI
2024-05-22 00:00:00+00:00,0.0002110000059474,0.00021199999901,0.0002070000045932,0.0002079999976558,38,0.0,0.0,UNI
2024-05-23 00:00:00+00:00,0.0002079999976558,0.0002099999983329,0.0001999999949475,0.0002039999963017,37,0.0,0.0,UNI
2024-05-24 00:00:00+00:00,0.0002039999963017,0.0015899999998509,0.0001369999954476,0.0001369999954476,49,0.0,0.0,UNI
2024-05-25 00:00:00+00:00,0.0001369999954476,0.0001389999961247,0.0001369999954476,0.0001389999961247,50,0.0,0.0,UNI
2024-05-26 00:00:00+00:00,0.0001389999961247,0.0001389999961247,0.0001369999954476,0.0001369999954476,49,0.0,0.0,UNI
2024-05-27 00:00:00+00:00,0.0001369999954476,0.0001409999968018,0.0001369999954476,0.0001389999961247,50,0.0,0.0,UNI
2024-05-28 00:00:00+00:00,0.0001389999961247,0.0001389999961247,0.0001349999947706,0.0001369999954476,49,0.0,0.0,UNI
2024-05-29 00:00:00+00:00,0.0001369999954476,0.0001380000030621,0.000134000001708,0.0001349999947706,48,0.0,0.0,UNI
2024-05-30 00:00:00+00:00,0.0001349999947706,0.0001389999961247,0.000134000001708,0.0001369999954476,49,0.0,0.0,UNI
2024-05-31 00:00:00+00:00,0.0001369999954476,0.0001380000030621,0.0001329999940935,0.0001349999947706,48,0.0,0.0,UNI
2024-06-01 00:00:00+00:00,0.0001349999947706,0.0001360000023851,0.0001349999947706,0.0001349999947706,49,0.0,0.0,UNI
2024-06-02 00:00:00+00:00,0.0001349999947706,0.0001369999954476,0.0001349999947706,0.0001349999947706,12,0.0,0.0,UNI
2024-06-03 00:00:00+00:00,0.0001349999947706,0.0001400000037392,0.0001349999947706,0.0001380000030621,13,0.0,0.0,UNI
2024-06-04 00:00:00+00:00,0.0001380000030621,0.0001420000044163,0.0001369999954476,0.0001409999968018,13,0.0,0.0,UNI
2024-06-05 00:00:00+00:00,0.0001409999968018,0.0001429999974789,0.0001409999968018,0.0001420000044163,13,0.0,0.0,UNI
2024-06-06 00:00:00+00:00,0.0001420000044163,0.0001429999974789,0.0001400000037392,0.0001420000044163,13,0.0,0.0,UNI
2024-06-07 00:00:00+00:00,0.0001420000044163,0.0001440000050934,0.0001369999954476,0.0001389999961247,13,0.0,0.0,UNI
2024-06-08 00:00:00+00:00,0.0001389999961247,0.0001389999961247,0.0001380000030621,0.0001389999961247,13,0.0,0.0,UNI
2024-06-09 00:00:00+00:00,0.0001389999961247,0.0001400000037392,0.0001380000030621,0.0001389999961247,13,0.0,0.0,UNI
2024-06-10 00:00:00+00:00,0.0001389999961247,0.0001400000037392,0.0001389999961247,0.0001389999961247,13,0.0,0.0,UNI
2024-06-11 00:00:00+00:00,0.0001389999961247,0.0001389999961247,0.0001320000010309,0.0001349999947706,12,0.0,0.0,UNI
2024-06-12 00:00:00+00:00,0.0001349999947706,0.0001400000037392,0.000134000001708,0.0001360000023851,13,0.0,0.0,UNI
2024-06-13 00:00:00+00:00,0.0001360000023851,0.0001369999954476,0.0001329999940935,0.000134000001708,12,0.0,0.0,UNI
2024-06-14 00:00:00+00:00,0.000134000001708,0.0001349999947706,0.0001300000003539,0.0001320000010309,12,0.0,0.0,UNI
2024-06-15 00:00:00+00:00,0.0001320000010309,0.0001329999940935,0.0001320000010309,0.0001320000010309,12,0.0,0.0,UNI
2024-06-16 00:00:00+00:00,0.0001320000010309,0.000134000001708,0.0001320000010309,0.0001329999940935,12,0.0,0.0,UNI
2024-06-17 00:00:00+00:00,0.0001329999940935,0.000134000001708,0.0001300000003539,0.0001329999940935,12,0.0,0.0,UNI
2024-06-18 00:00:00+00:00,0.0001329999940935,0.0001329999940935,0.0001279999996768,0.0001300000003539,12,0.0,0.0,UNI
2024-06-19 00:00:00+00:00,0.0001300000003539,0.0001309999934164,0.0001289999927394,0.0001300000003539,12,0.0,0.0,UNI
2024-06-20 00:00:00+00:00,0.0001300000003539,0.0001329999940935,0.0001289999927394,0.0001300000003539,12,0.0,0.0,UNI
2024-06-21 00:00:00+00:00,0.0001300000003539,0.0001300000003539,0.0001270000066142,0.0001279999996768,12,0.0,0.0,UNI
2024-06-22 00:00:00+00:00,0.0001279999996768,0.0001289999927394,0.0001279999996768,0.0001289999927394,12,0.0,0.0,UNI
2024-06-23 00:00:00+00:00,0.0001289999927394,0.0001289999927394,0.0001259999989997,0.0001259999989997,12,0.0,0.0,UNI
2024-06-24 00:00:00+00:00,0.0001259999989997,0.0001270000066142,0.0001170000032288,0.000120999997307,11,0.0,0.0,UNI
2024-06-25 00:00:00+00:00,0.000120999997307,0.0001239999983226,0.0001199999969685,0.0001239999983226,11,0.0,0.0,UNI
2024-06-26 00:00:00+00:00,0.0001239999983226,0.0001250000059371,0.000120999997307,0.0001219999976456,11,0.0,0.0,UNI
2024-06-27 00:00:00+00:00,0.0001219999976456,0.0001250000059371,0.000120999997307,0.0001230000052601,11,0.0,0.0,UNI
2024-06-28 00:00:00+00:00,0.0001230000052601,0.0001239999983226,0.0001199999969685,0.000120999997307,11,0.0,0.0,UNI
2024-06-29 00:00:00+00:00,0.000120999997307,0.0001219999976456,0.000120999997307,0.0001219999976456,11,0.0,0.0,UNI
2024-06-30 00:00:00+00:00,0.0001219999976456,0.0001259999989997,0.000120999997307,0.0001250000059371,12,0.0,0.0,UNI
2024-07-01 00:00:00+00:00,0.0001250000059371,0.0001279999996768,0.0001250000059371,0.0001259999989997,12,0.0,0.0,UNI
2024-07-02 00:00:00+00:00,0.0001259999989997,0.0001259999989997,0.0001230000052601,0.0001239999983226,11,0.0,0.0,UNI
2024-07-03 00:00:00+00:00,0.0001239999983226,0.0001239999983226,0.00011899999663,0.0001199999969685,11,0.0,0.0,UNI
2024-07-04 00:00:00+00:00,0.0001199999969685,0.000120999997307,0.0001140000022132,0.0001140000022132,11,0.0,0.0,UNI
2024-07-05 00:00:00+00:00,0.0001140000022132,0.0001150000025518,0.000108000000182,0.0001130000018747,10,0.0,0.0,UNI
2024-07-06 00:00:00+00:00,0.0001130000018747,0.0001170000032288,0.0001120000015362,0.0001170000032288,11,0.0,0.0,UNI
2024-07-07 00:00:00+00:00,0.0001170000032288,0.0001170000032288,0.0001120000015362,0.0001120000015362,10,0.0,0.0,UNI
2024-07-08 00:00:00+00:00,0.0001120000015362,0.0001160000028903,0.0001090000005206,0.0001130000018747,10,0.0,0.0,UNI
2024-07-09 00:00:00+00:00,0.0001130000018747,0.0001160000028903,0.0001130000018747,0.0001160000028903,11,0.0,0.0,UNI
2024-07-10 00:00:00+00:00,0.0001160000028903,0.00011899999663,0.0001140000022132,0.0001150000025518,11,0.0,0.0,UNI
2024-07-11 00:00:00+00:00,0.0001150000025518,0.0001180000035674,0.0001140000022132,0.0001150000025518,11,0.0,0.0,UNI
2024-07-12 00:00:00+00:00,0.0001150000025518,0.0001170000032288,0.0001130000018747,0.0001160000028903,11,0.0,0.0,UNI
2024-07-13 00:00:00+00:00,0.0001160000028903,0.00011899999663,0.0001160000028903,0.0001180000035674,11,0.0,0.0,UNI
2024-07-14 00:00:00+00:00,0.0001180000035674,0.0001230000052601,0.0001180000035674,0.0001219999976456,11,0.0,0.0,UNI
2024-07-15 00:00:00+00:00,0.0001219999976456,0.0001300000003539,0.000120999997307,0.0001300000003539,12,0.0,0.0,UNI
2024-07-16 00:00:00+00:00,0.0001300000003539,0.0001309999934164,0.0001250000059371,0.0001300000003539,12,0.0,0.0,UNI
2024-07-17 00:00:00+00:00,0.0001300000003539,0.0001320000010309,0.0001279999996768,0.0001279999996768,12,0.0,0.0,UNI
2024-07-18 00:00:00+00:00,0.0001279999996768,0.0001300000003539,0.0001270000066142,0.0001279999996768,12,0.0,0.0,UNI
2024-07-19 00:00:00+00:00,0.0001279999996768,0.0001349999947706,0.0001270000066142,0.0001329999940935,12,0.0,0.0,UNI
2024-07-20 00:00:00+00:00,0.0001329999940935,0.0001349999947706,0.0001329999940935,0.000134000001708,12,0.0,0.0,UNI
2024-07-21 00:00:00+00:00,0.000134000001708,0.0001369999954476,0.0001320000010309,0.0001360000023851,13,0.0,0.0,UNI
2024-07-22 00:00:00+00:00,0.0001360000023851,0.0001369999954476,0.0001329999940935,0.0001349999947706,12,0.0,0.0,UNI
2024-07-23 00:00:00+00:00,0.0001349999947706,0.0001349999947706,0.0001309999934164,0.0001320000010309,12,0.0,0.0,UNI
2024-07-24 00:00:00+00:00,0.0001320000010309,0.000134000001708,0.0001300000003539,0.0001309999934164,12,0.0,0.0,UNI
2024-07-25 00:00:00+00:00,0.0001309999934164,0.0001320000010309,0.0001270000066142,0.0001320000010309,12,0.0,0.0,UNI
2024-07-26 00:00:00+00:00,0.0001320000010309,0.0001360000023851,0.0001320000010309,0.0001360000023851,13,0.0,0.0,UNI
2024-07-27 00:00:00+00:00,0.0001360000023851,0.0001389999961247,0.000134000001708,0.0001360000023851,13,0.0,0.0,UNI
2024-07-28 00:00:00+00:00,0.0001360000023851,0.0001369999954476,0.000134000001708,0.0001369999954476,13,0.0,0.0,UNI
2024-07-29 00:00:00+00:00,0.0001369999954476,0.0001400000037392,0.0001329999940935,0.000134000001708,12,0.0,0.0,UNI
2024-07-30 00:00:00+00:00,0.000134000001708,0.000134000001708,0.0001309999934164,0.0001320000010309,12,0.0,0.0,UNI
2024-07-31 00:00:00+00:00,0.0001320000010309,0.000134000001708,0.0001289999927394,0.0001289999927394,12,0.0,0.0,UNI
2024-08-01 00:00:00+00:00,0.0001289999927394,0.0001309999934164,0.0001250000059371,0.0001309999934164,12,0.0,0.0,UNI
2024-08-02 00:00:00+00:00,0.0001309999934164,0.0001309999934164,0.0001230000052601,0.0001230000052601,11,0.0,0.0,UNI
2024-08-03 00:00:00+00:00,0.0001230000052601,0.0001239999983226,0.0001199999969685,0.000120999997307,11,0.0,0.0,UNI
2024-08-04 00:00:00+00:00,0.000120999997307,0.0001219999976456,0.0001150000025518,0.0001160000028903,11,0.0,0.0,UNI
2024-08-05 00:00:00+00:00,0.0001160000028903,0.0001160000028903,9.899999713525176e-05,0.000108000000182,10,0.0,0.0,UNI
2024-08-06 00:00:00+00:00,0.000108000000182,0.0001140000022132,0.000108000000182,0.0001120000015362,10,0.0,0.0,UNI
2024-08-07 00:00:00+00:00,0.0001120000015362,0.0001150000025518,0.0001090000005206,0.0001100000008591,10,0.0,0.0,UNI
2024-08-08 00:00:00+00:00,0.0001100000008591,0.0001250000059371,0.0001100000008591,0.0001239999983226,11,0.0,0.0,UNI
2024-08-09 00:00:00+00:00,0.0001239999983226,0.0001239999983226,0.00011899999663,0.0001219999976456,11,0.0,0.0,UNI
2024-08-10 00:00:00+00:00,0.0001219999976456,0.0001230000052601,0.000120999997307,0.0001219999976456,11,0.0,0.0,UNI
2024-08-11 00:00:00+00:00,0.0001219999976456,0.0001230000052601,0.0001170000032288,0.0001180000035674,11,0.0,0.0,UNI
2024-08-12 00:00:00+00:00,0.0001180000035674,0.000120999997307,0.0001150000025518,0.00011899999663,11,0.0,0.0,UNI
2024-08-13 00:00:00+00:00,0.00011899999663,0.0001230000052601,0.0001170000032288,0.000120999997307,11,0.0,0.0,UNI
2024-08-14 00:00:00+00:00,0.000120999997307,0.0001230000052601,0.0001170000032288,0.0001180000035674,11,0.0,0.0,UNI
2024-08-15 00:00:00+00:00,0.0001180000035674,0.0001199999969685,0.0001130000018747,0.0001150000025518,11,0.0,0.0,UNI
2024-08-16 00:00:00+00:00,0.0001150000025518,0.0001199999969685,0.0001140000022132,0.0001180000035674,11,0.0,0.0,UNI
2024-08-17 00:00:00+00:00,0.0001180000035674,0.00011899999663,0.0001180000035674,0.00011899999663,11,0.0,0.0,UNI
2024-08-18 00:00:00+00:00,0.00011899999663,0.0001199999969685,0.0001170000032288,0.0001170000032288,11,0.0,0.0,UNI
2024-08-19 00:00:00+00:00,0.0001170000032288,0.00011899999663,0.0001160000028903,0.00011899999663,11,0.0,0.0,UNI
2024-08-20 00:00:00+00:00,0.00011899999663,0.0001230000052601,0.0001170000032288,0.0001180000035674,11,0.0,0.0,UNI
2024-08-21 00:00:00+00:00,0.0001180000035674,0.0001230000052601,0.0001180000035674,0.0001219999976456,11,0.0,0.0,UNI
2024-08-22 00:00:00+00:00,0.0001219999976456,0.0001230000052601,0.0001199999969685,0.000120999997307,11,0.0,0.0,UNI
2024-08-23 00:00:00+00:00,0.000120999997307,0.0001300000003539,0.000120999997307,0.0001289999927394,10,0.0,0.0,UNI
2024-08-24 00:00:00+00:00,0.0001289999927394,0.0001300000003539,0.0001279999996768,0.0001289999927394,10,0.0,0.0,UNI
2024-08-25 00:00:00+00:00,0.0001289999927394,0.0001300000003539,0.0001279999996768,0.0001289999927394,11,0.0,0.0,UNI
2024-08-26 00:00:00+00:00,0.0001289999927394,0.0001300000003539,0.0001259999989997,0.0001259999989997,10,0.0,0.0,UNI
2024-08-27 00:00:00+00:00,0.0001259999989997,0.0001270000066142,0.0001180000035674,0.0001199999969685,10,0.0,0.0,UNI
2024-08-28 00:00:00+00:00,0.0001199999969685,0.000120999997307,0.0001170000032288,0.00011899999663,10,0.0,0.0,UNI
2024-08-29 00:00:00+00:00,0.00011899999663,0.0001230000052601,0.0001180000035674,0.00011899999663,10,0.0,0.0,UNI
2024-08-30 00:00:00+00:00,0.00011899999663,0.0001199999969685,0.0001170000032288,0.00011899999663,10,0.0,0.0,UNI
2024-08-31 00:00:00+00:00,0.00011899999663,0.00011899999663,0.0001180000035674,0.0001180000035674,10,0.0,0.0,UNI
2024-09-01 00:00:00+00:00,0.0001180000035674,0.00011899999663,0.0001150000025518,0.0001150000025518,9,0.0,0.0,UNI
2024-09-02 00:00:00+00:00,0.0001150000025518,0.00011899999663,0.0001150000025518,0.00011899999663,10,0.0,0.0,UNI
2024-09-03 00:00:00+00:00,0.00011899999663,0.0001199999969685,0.0001160000028903,0.0001160000028903,9,0.0,0.0,UNI
2024-09-04 00:00:00+00:00,0.0001160000028903,0.0001180000035674,0.0001130000018747,0.0001170000032288,9,0.0,0.0,UNI
2024-09-05 00:00:00+00:00,0.0001170000032288,0.0001170000032288,0.0001120000015362,0.0001130000018747,9,0.0,0.0,UNI
2024-09-06 00:00:00+00:00,0.0001130000018747,0.0001140000022132,0.000105999999505,0.000108000000182,9,0.0,0.0,UNI
2024-09-07 00:00:00+00:00,0.000108000000182,0.0001100000008591,0.000108000000182,0.0001090000005206,9,0.0,0.0,UNI
2024-09-08 00:00:00+00:00,0.0001090000005206,0.0001110000011976,0.000108000000182,0.0001100000008591,9,0.0,0.0,UNI
2024-09-09 00:00:00+00:00,0.0001100000008591,0.0001160000028903,0.0001100000008591,0.0001150000025518,9,0.0,0.0,UNI
2024-09-10 00:00:00+00:00,0.0001150000025518,0.0001170000032288,0.0001140000022132,0.0001160000028903,9,0.0,0.0,UNI
2024-09-11 00:00:00+00:00,0.0001160000028903,0.0001170000032288,0.0001120000015362,0.0001150000025518,9,0.0,0.0,UNI
2024-09-12 00:00:00+00:00,0.0001150000025518,0.0001170000032288,0.0001150000025518,0.0001170000032288,10,0.0,0.0,UNI
2024-09-13 00:00:00+00:00,0.0001170000032288,0.0001219999976456,0.0001160000028903,0.0001219999976456,10,0.0,0.0,UNI
2024-09-14 00:00:00+00:00,0.0001219999976456,0.0001219999976456,0.0001199999969685,0.000120999997307,10,0.0,0.0,UNI
2024-09-15 00:00:00+00:00,0.000120999997307,0.000120999997307,0.0001180000035674,0.00011899999663,10,0.0,0.0,UNI
2024-09-16 00:00:00+00:00,0.00011899999663,0.00011899999663,0.0001160000028903,0.0001170000032288,10,0.0,0.0,UNI
2024-09-17 00:00:00+00:00,0.0001170000032288,0.0001230000052601,0.0001160000028903,0.000120999997307,10,0.0,0.0,UNI
2024-09-18 00:00:00+00:00,0.000120999997307,0.0001239999983226,0.00011899999663,0.0001239999983226,10,0.0,0.0,UNI
2024-09-19 00:00:00+00:00,0.0001239999983226,0.0001279999996768,0.0001239999983226,0.0001270000066142,10,0.0,0.0,UNI
2024-09-20 00:00:00+00:00,0.0001270000066142,0.0001289999927394,0.0001259999989997,0.0001270000066142,10,0.0,0.0,UNI
2024-09-21 00:00:00+00:00,0.0001270000066142,0.0001279999996768,0.0001259999989997,0.0001270000066142,10,0.0,0.0,UNI
2024-09-22 00:00:00+00:00,0.0001270000066142,0.0001289999927394,0.0001250000059371,0.0001279999996768,10,0.0,0.0,UNI
2024-09-23 00:00:00+00:00,0.0001279999996768,0.0001300000003539,0.0001259999989997,0.0001270000066142,10,0.0,0.0,UNI
2024-09-24 00:00:00+00:00,0.0001270000066142,0.0001300000003539,0.0001259999989997,0.0001289999927394,27,0.0,0.0,UNI
2024-09-25 00:00:00+00:00,0.0001289999927394,0.0001300000003539,0.0001270000066142,0.0001270000066142,27,0.0,0.0,UNI
2024-09-26 00:00:00+00:00,0.0001270000066142,0.0001320000010309,0.0001259999989997,0.0001309999934164,27,0.0,0.0,UNI
2024-09-27 00:00:00+00:00,0.0001309999934164,0.000134000001708,0.0001300000003539,0.0001320000010309,28,0.0,0.0,UNI
2024-09-28 00:00:00+00:00,0.0001320000010309,0.0001329999940935,0.0001320000010309,0.0001320000010309,28,0.0,0.0,UNI
2024-09-29 00:00:00+00:00,0.0001320000010309,0.0001329999940935,0.0001320000010309,0.0001320000010309,28,0.0,0.0,UNI
2024-09-30 00:00:00+00:00,0.0001320000010309,0.0001320000010309,0.0001270000066142,0.0001270000066142,27,0.0,0.0,UNI
2024-10-01 00:00:00+00:00,0.0001270000066142,0.0001289999927394,0.0001219999976456,0.0001219999976456,26,0.0,0.0,UNI
2024-10-02 00:00:00+00:00,0.0001219999976456,0.0001250000059371,0.000120999997307,0.0001219999976456,25,0.0,0.0,UNI
2024-10-03 00:00:00+00:00,0.0001219999976456,0.0001230000052601,0.000120999997307,0.0001219999976456,25,0.0,0.0,UNI
2024-10-04 00:00:00+00:00,0.0001219999976456,0.0001259999989997,0.0001219999976456,0.0001250000059371,26,0.0,0.0,UNI
2024-10-05 00:00:00+00:00,0.0001250000059371,0.0001250000059371,0.0001239999983226,0.0001250000059371,26,0.0,0.0,UNI
2024-10-06 00:00:00+00:00,0.0001250000059371,0.0001259999989997,0.0001239999983226,0.0001259999989997,26,0.0,0.0,UNI
2024-10-07 00:00:00+00:00,0.0001259999989997,0.0001289999927394,0.0001250000059371,0.0001250000059371,26,0.0,0.0,UNI
2024-10-08 00:00:00+00:00,0.0001250000059371,0.0001270000066142,0.0001239999983226,0.0001250000059371,26,0.0,0.0,UNI
2024-10-09 00:00:00+00:00,0.0001250000059371,0.0001259999989997,0.0001219999976456,0.0001219999976456,25,0.0,0.0,UNI
2024-10-10 00:00:00+00:00,0.0001219999976456,0.0001230000052601,0.0001180000035674,0.000120999997307,25,0.0,0.0,UNI
2024-10-11 00:00:00+00:00,0.000120999997307,0.0001259999989997,0.000120999997307,0.0001259999989997,26,0.0,0.0,UNI
2024-10-12 00:00:00+00:00,0.0001259999989997,0.0001279999996768,0.0001259999989997,0.0001270000066142,27,0.0,0.0,UNI
2024-10-13 00:00:00+00:00,0.0001270000066142,0.0001270000066142,0.0001250000059371,0.0001259999989997,26,0.0,0.0,UNI
2024-10-14 00:00:00+00:00,0.0001259999989997,0.000134000001708,0.0001259999989997,0.0001329999940935,28,0.0,0.0,UNI
2024-10-15 00:00:00+00:00,0.0001329999940935,0.0001360000023851,0.0001309999934164,0.0001349999947706,28,0.0,0.0,UNI
2024-10-16 00:00:00+00:00,0.0001349999947706,0.0001369999954476,0.000134000001708,0.0001360000023851,28,0.0,0.0,UNI
2024-10-17 00:00:00+00:00,0.0001360000023851,0.0001360000023851,0.000134000001708,0.0001349999947706,28,0.0,0.0,UNI
2024-10-18 00:00:00+00:00,0.0001349999947706,0.0001389999961247,0.0001349999947706,0.0001380000030621,29,0.0,0.0,UNI
2024-10-19 00:00:00+00:00,0.0001380000030621,0.0001380000030621,0.0001369999954476,0.0001369999954476,29,0.0,0.0,UNI
2024-10-20 00:00:00+00:00,0.0001369999954476,0.0001389999961247,0.0001369999954476,0.0001389999961247,29,0.0,0.0,UNI
2024-10-21 00:00:00+00:00,0.0001389999961247,0.0001400000037392,0.000134000001708,0.0001349999947706,28,0.0,0.0,UNI
2024-10-22 00:00:00+00:00,0.0001349999947706,0.0001360000023851,0.000134000001708,0.0001349999947706,28,0.0,0.0,UNI
2024-10-23 00:00:00+00:00,0.0001349999947706,0.0001349999947706,0.0001309999934164,0.000134000001708,28,0.0,0.0,UNI
2024-10-24 00:00:00+00:00,0.000134000001708,0.0001380000030621,0.000134000001708,0.0001369999954476,29,0.0,0.0,UNI
2024-10-25 00:00:00+00:00,0.0001369999954476,0.0001380000030621,0.0001320000010309,0.000134000001708,28,0.0,0.0,UNI
2024-10-26 00:00:00+00:00,0.000134000001708,0.0001349999947706,0.0001329999940935,0.0001349999947706,28,0.0,0.0,UNI
2024-10-27 00:00:00+00:00,0.0001349999947706,0.0001369999954476,0.000134000001708,0.0001369999954476,29,0.0,0.0,UNI
2024-10-28 00:00:00+00:00,0.0001369999954476,0.0001409999968018,0.0001360000023851,0.0001400000037392,29,0.0,0.0,UNI
2024-10-29 00:00:00+00:00,0.0001400000037392,0.0001480000064475,0.0001400000037392,0.0001460000057704,31,0.0,0.0,UNI
2024-10-30 00:00:00+00:00,0.0001460000057704,0.0001460000057704,0.0001440000050934,0.0001449999981559,30,0.0,0.0,UNI
2024-10-31 00:00:00+00:00,0.0001449999981559,0.0001460000057704,0.0001400000037392,0.0001409999968018,29,0.0,0.0,UNI
2024-11-01 00:00:00+00:00,0.0001409999968018,0.0001440000050934,0.0001380000030621,0.0001400000037392,29,0.0,0.0,UNI
2024-11-02 00:00:00+00:00,0.0001400000037392,0.0001400000037392,0.0001389999961247,0.0001400000037392,29,0.0,0.0,UNI
2024-11-03 00:00:00+00:00,0.0001400000037392,0.0001400000037392,0.0001360000023851,0.0001380000030621,29,0.0,0.0,UNI
2024-11-04 00:00:00+00:00,0.0001380000030621,0.0001400000037392,0.000134000001708,0.0001360000023851,28,0.0,0.0,UNI
2024-11-05 00:00:00+00:00,0.0001360000023851,0.0001420000044163,0.0001360000023851,0.0001400000037392,29,0.0,0.0,UNI
2024-11-06 00:00:00+00:00,0.0001400000037392,0.0001539999939268,0.0001389999961247,0.0001519999932497,32,0.0,0.0,UNI
2024-11-07 00:00:00+00:00,0.0001519999932497,0.0001539999939268,0.0001500000071246,0.0001530000008642,32,0.0,0.0,UNI
2024-11-08 00:00:00+00:00,0.0001530000008642,0.0001550000015413,0.0001519999932497,0.0001539999939268,32,0.0,0.0,UNI
2024-11-09 00:00:00+00:00,0.0001539999939268,0.0001550000015413,0.0001519999932497,0.0001539999939268,32,0.0,0.0,UNI
2024-11-10 00:00:00+00:00,0.0001539999939268,0.0001630000042496,0.0001539999939268,0.0001619999966351,34,0.0,0.0,UNI
2024-11-11 00:00:00+00:00,0.0001619999966351,0.0001800000027287,0.0001610000035725,0.0001780000020517,37,0.0,0.0,UNI
2024-11-12 00:00:00+00:00,0.0001780000020517,0.0001809999957913,0.0001710000069579,0.0001769999944372,37,0.0,0.0,UNI
2024-11-13 00:00:00+00:00,0.0001769999944372,0.0001869999978225,0.000172999993083,0.0001820000034058,38,0.0,0.0,UNI
2024-11-14 00:00:00+00:00,0.0001820000034058,0.0001840000040829,0.0001740000006975,0.0001749999937601,37,0.0,0.0,UNI
2024-11-15 00:00:00+00:00,0.0001749999937601,0.0001840000040829,0.0001749999937601,0.0001829999964684,38,0.0,0.0,UNI
2024-11-16 00:00:00+00:00,0.0001829999964684,0.0001840000040829,0.0001809999957913,0.0001820000034058,38,0.0,0.0,UNI
2024-11-17 00:00:00+00:00,0.0001820000034058,0.0001840000040829,0.0001789999951142,0.0001809999957913,38,0.0,0.0,UNI
2024-11-18 00:00:00+00:00,0.0001809999957913,0.0001860000047599,0.0001800000027287,0.0001820000034058,38,0.0,0.0,UNI
2024-11-19 00:00:00+00:00,0.0001820000034058,0.0001889999984996,0.0001820000034058,0.0001860000047599,39,0.0,0.0,UNI
2024-11-20 00:00:00+00:00,0.0001860000047599,0.0001909999991767,0.0001840000040829,0.0001889999984996,40,0.0,0.0,UNI
2024-11-21 00:00:00+00:00,0.0001889999984996,0.0001990000018849,0.0001889999984996,0.0001979999942705,41,0.0,0.0,UNI
2024-11-22 00:00:00+00:00,0.0001979999942705,0.0001999999949475,0.0001959999935934,0.0001990000018849,42,0.0,0.0,UNI
2024-11-23 00:00:00+00:00,0.0001990000018849,0.0001990000018849,0.0001959999935934,0.0001970000012079,41,0.0,0.0,UNI
2024-11-24 00:00:00+00:00,0.0001970000012079,0.0001999999949475,0.0001900000061141,0.0001970000012079,41,0.0,0.0,UNI
2024-11-25 00:00:00+00:00,0.0001970000012079,0.0001990000018849,0.0001869999978225,0.0001869999978225,39,0.0,0.0,UNI
2024-11-26 00:00:00+00:00,0.0001869999978225,0.0001909999991767,0.0001829999964684,0.0001849999971454,39,0.0,0.0,UNI
2024-11-27 00:00:00+00:00,0.0001849999971454,0.0001959999935934,0.0001840000040829,0.0001929999998537,40,0.0,0.0,UNI
2024-11-28 00:00:00+00:00,0.0001929999998537,0.0001939999929163,0.0001900000061141,0.0001920000067912,40,0.0,0.0,UNI
2024-11-29 00:00:00+00:00,0.0001920000067912,0.0001979999942705,0.0001920000067912,0.0001959999935934,41,0.0,0.0,UNI
2024-11-30 00:00:00+00:00,0.0001959999935934,0.0001959999935934,0.0001929999998537,0.0001939999929163,40,0.0,0.0,UNI
2024-12-01 00:00:00+00:00,0.0001939999929163,0.0001970000012079,0.0001929999998537,0.0001959999935934,41,0.0,0.0,UNI
2024-12-02 00:00:00+00:00,0.0001959999935934,0.0001970000012079,0.0001900000061141,0.0001920000067912,40,0.0,0.0,UNI
2024-12-03 00:00:00+00:00,0.0001920000067912,0.0001929999998537,0.000188000005437,0.0001929999998537,40,0.0,0.0,UNI
2024-12-04 00:00:00+00:00,0.0001929999998537,0.0001990000018849,0.0001900000061141,0.0001990000018849,41,0.0,0.0,UNI
2024-12-05 00:00:00+00:00,0.0001990000018849,0.0002090000052703,0.0001889999984996,0.0001939999929163,4,0.0,0.0,UNI
2024-12-06 00:00:00+00:00,0.0001950000005308,0.0002050000039162,0.0001939999929163,0.000201000002562,4,0.0,0.0,UNI
2024-12-07 00:00:00+00:00,0.000201000002562,0.0002019999956246,0.0001990000018849,0.000201000002562,4,0.0,0.0,UNI
2024-12-08 00:00:00+00:00,0.000201000002562,0.0002019999956246,0.0001990000018849,0.0002019999956246,4,0.0,0.0,UNI
2024-12-09 00:00:00+00:00,0.0002039999963017,0.0002039999963017,0.0001920000067912,0.0001959999935934,4,0.0,0.0,UNI
2024-12-10 00:00:00+00:00,0.0001959999935934,0.0001970000012079,0.0001900000061141,0.0001939999929163,4,0.0,0.0,UNI
2024-12-11 00:00:00+00:00,0.0001939999929163,0.0002050000039162,0.0001939999929163,0.0002030000032391,4,0.0,0.0,UNI
2024-12-12 00:00:00+00:00,0.0002030000032391,0.0002059999969787,0.0001999999949475,0.000201000002562,4,0.0,0.0,UNI
2024-12-13 00:00:00+00:00,0.000201000002562,0.0002050000039162,0.0001999999949475,0.0002039999963017,4,0.0,0.0,UNI
2024-12-14 00:00:00+00:00,0.0002039999963017,0.0002059999969787,0.0002019999956246,0.0002039999963017,4,0.0,0.0,UNI
2024-12-15 00:00:00+00:00,0.0002039999963017,0.0002110000059474,0.0002039999963017,0.0002099999983329,4,0.0,0.0,UNI
2024-12-16 00:00:00+00:00,0.0002099999983329,0.0002169999934267,0.0002079999976558,0.0002130000066244,4,0.0,0.0,UNI
2024-12-17 00:00:00+00:00,0.0002130000066244,0.0002180000010412,0.00021199999901,0.0002130000066244,4,0.0,0.0,UNI
2024-12-18 00:00:00+00:00,0.0002130000066244,0.000213999999687,0.000201000002562,0.000201000002562,4,0.0,0.0,UNI
2024-12-19 00:00:00+00:00,0.000201000002562,0.0002059999969787,0.0001920000067912,0.0001959999935934,4,0.0,0.0,UNI
2024-12-20 00:00:00+00:00,0.0001959999935934,0.0001970000012079,0.0001849999971454,0.0001970000012079,4,0.0,0.0,UNI
2024-12-21 00:00:00+00:00,0.0001970000012079,0.0001999999949475,0.0001939999929163,0.0001959999935934,4,0.0,0.0,UNI
2024-12-22 00:00:00+00:00,0.0001959999935934,0.0001959999935934,0.0001889999984996,0.0001909999991767,4,0.0,0.0,UNI
2024-12-23 00:00:00+00:00,0.0001909999991767,0.0001939999929163,0.0001860000047599,0.0001900000061141,4,0.0,0.0,UNI
2024-12-24 00:00:00+00:00,0.0001900000061141,0.0001999999949475,0.000188000005437,0.0001979999942705,4,0.0,0.0,UNI
2024-12-25 00:00:00+00:00,0.0001979999942705,0.0001999999949475,0.0001959999935934,0.0001999999949475,4,0.0,0.0,UNI
2024-12-26 00:00:00+00:00,0.0001999999949475,0.000201000002562,0.0001909999991767,0.0001920000067912,4,0.0,0.0,UNI
2024-12-27 00:00:00+00:00,0.0001920000067912,0.0001950000005308,0.000188000005437,0.0001889999984996,4,0.0,0.0,UNI
2024-12-28 00:00:00+00:00,0.0001889999984996,0.0001920000067912,0.0001889999984996,0.0001909999991767,4,0.0,0.0,UNI
2024-12-29 00:00:00+00:00,0.0001909999991767,0.0001909999991767,0.0001869999978225,0.000188000005437,4,0.0,0.0,UNI
2024-12-30 00:00:00+00:00,0.000188000005437,0.0001909999991767,0.0001840000040829,0.0001860000047599,4,0.0,0.0,UNI
2024-12-31 00:00:00+00:00,0.0001860000047599,0.0001929999998537,0.0001849999971454,0.000188000005437,4,0.0,0.0,UNI
2025-01-01 00:00:00+00:00,0.000188000005437,0.0001909999991767,0.0001869999978225,0.0001900000061141,4,0.0,0.0,UNI
2025-01-02 00:00:00+00:00,0.0001900000061141,0.0001959999935934,0.0001889999984996,0.0001950000005308,4,0.0,0.0,UNI
2025-01-03 00:00:00+00:00,0.0001950000005308,0.0001990000018849,0.0001929999998537,0.0001970000012079,4,0.0,0.0,UNI
2025-01-04 00:00:00+00:00,0.0001970000012079,0.0001979999942705,0.0001959999935934,0.0001979999942705,4,0.0,0.0,UNI
2025-01-05 00:00:00+00:00,0.0001979999942705,0.0001990000018849,0.0001959999935934,0.0001979999942705,4,0.0,0.0,UNI
2025-01-06 00:00:00+00:00,0.0001979999942705,0.0002059999969787,0.0001970000012079,0.0002050000039162,4,0.0,0.0,UNI
2025-01-07 00:00:00+00:00,0.0002050000039162,0.0002059999969787,0.0001929999998537,0.0001950000005308,4,0.0,0.0,UNI
2025-01-08 00:00:00+00:00,0.0001950000005308,0.0001950000005308,0.0001869999978225,0.0001909999991767,4,0.0,0.0,UNI
2025-01-09 00:00:00+00:00,0.0001909999991767,0.0001909999991767,0.0001829999964684,0.0001860000047599,4,0.0,0.0,UNI
2025-01-10 00:00:00+00:00,0.0001860000047599,0.0001920000067912,0.0001860000047599,0.0001900000061141,4,0.0,0.0,UNI
2025-01-11 00:00:00+00:00,0.0001900000061141,0.0001909999991767,0.0001889999984996,0.0001900000061141,4,0.0,0.0,UNI
2025-01-12 00:00:00+00:00,0.0001900000061141,0.0001909999991767,0.000188000005437,0.0001900000061141,4,0.0,0.0,UNI
2025-01-13 00:00:00+00:00,0.0001900000061141,0.0001920000067912,0.0001809999957913,0.0001900000061141,4,0.0,0.0,UNI
2025-01-14 00:00:00+00:00,0.0001900000061141,0.0001950000005308,0.0001900000061141,0.0001939999929163,4,0.0,0.0,UNI
2025-01-15 00:00:00+00:00,0.0001939999929163,0.0002019999956246,0.0001939999929163,0.0002019999956246,4,0.0,0.0,UNI
2025-01-16 00:00:00+00:00,0.0002019999956246,0.0002019999956246,0.0001959999935934,0.000201000002562,4,0.0,0.0,UNI
2025-01-17 00:00:00+00:00,0.000201000002562,0.0002130000066244,0.000201000002562,0.0002090000052703,4,0.0,0.0,UNI
2025-01-18 00:00:00+00:00,0.0002090000052703,0.0002110000059474,0.0002059999969787,0.0002099999983329,4,0.0,0.0,UNI
2025-01-19 00:00:00+00:00,0.0002099999983329,0.0002130000066244,0.000201000002562,0.0002030000032391,4,0.0,0.0,UNI
2025-01-20 00:00:00+00:00,0.0002030000032391,0.0002189999941037,0.000201000002562,0.0002050000039162,4,0.0,0.0,UNI
2025-01-21 00:00:00+00:00,0.0002050000039162,0.0002149999927496,0.0002030000032391,0.0002130000066244,4,0.0,0.0,UNI
2025-01-22 00:00:00+00:00,0.0002130000066244,0.000213999999687,0.0002079999976558,0.0002079999976558,4,0.0,0.0,UNI
2025-01-23 00:00:00+00:00,0.0002079999976558,0.000213999999687,0.0002039999963017,0.0002090000052703,4,0.0,0.0,UNI
2025-01-24 00:00:00+00:00,0.0002090000052703,0.0002149999927496,0.0002070000045932,0.0002110000059474,4,0.0,0.0,UNI
2025-01-25 00:00:00+00:00,0.0002110000059474,0.00021199999901,0.0002090000052703,0.0002099999983329,4,0.0,0.0,UNI
2025-01-26 00:00:00+00:00,0.0002099999983329,0.00021199999901,0.0002059999969787,0.0002059999969787,4,0.0,0.0,UNI
2025-01-27 00:00:00+00:00,0.0002059999969787,0.0002070000045932,0.0001970000012079,0.0002050000039162,4,0.0,0.0,UNI
2025-01-28 00:00:00+00:00,0.0002050000039162,0.0002130000066244,0.000201000002562,0.0002030000032391,4,0.0,0.0,UNI
2025-01-29 00:00:00+00:00,0.0002030000032391,0.0002110000059474,0.0002030000032391,0.0002090000052703,4,0.0,0.0,UNI
2025-01-30 00:00:00+00:00,0.0002090000052703,0.0002130000066244,0.0002079999976558,0.0002110000059474,4,0.0,0.0,UNI
2025-01-31 00:00:00+00:00,0.0002110000059474,0.0002130000066244,0.0002039999963017,0.0002059999969787,4,0.0,0.0,UNI
2025-02-01 00:00:00+00:00,0.0002059999969787,0.0002070000045932,0.0002019999956246,0.0002019999956246,4,0.0,0.0,UNI
2025-02-02 00:00:00+00:00,0.0002019999956246,0.0002039999963017,0.0001939999929163,0.0001959999935934,4,0.0,0.0,UNI
2025-02-03 00:00:00+00:00,0.0001959999935934,0.0002050000039162,0.0001860000047599,0.0002039999963017,4,0.0,0.0,UNI
2025-02-04 00:00:00+00:00,0.0002039999963017,0.0002039999963017,0.0001939999929163,0.0001970000012079,4,0.0,0.0,UNI
2025-02-05 00:00:00+00:00,0.0001970000012079,0.0001990000018849,0.0001929999998537,0.0001939999929163,4,0.0,0.0,UNI
2025-02-06 00:00:00+00:00,0.0001939999929163,0.0001990000018849,0.0001929999998537,0.0001939999929163,4,0.0,0.0,UNI
2025-02-07 00:00:00+00:00,0.0001939999929163,0.000201000002562,0.0001920000067912,0.0001939999929163,4,0.0,0.0,UNI
2025-02-08 00:00:00+00:00,0.0001939999929163,0.0001950000005308,0.0001920000067912,0.0001939999929163,4,0.0,0.0,UNI
2025-02-09 00:00:00+00:00,0.0001939999929163,0.0001959999935934,0.0001900000061141,0.0001939999929163,4,0.0,0.0,UNI
2025-02-10 00:00:00+00:00,0.0001939999929163,0.0001979999942705,0.0001920000067912,0.0001959999935934,4,0.0,0.0,UNI
2025-02-11 00:00:00+00:00,0.0001959999935934,0.0001979999942705,0.0001909999991767,0.0001929999998537,4,0.0,0.0,UNI
2025-02-12 00:00:00+00:00,0.0001929999998537,0.0001970000012079,0.0001889999984996,0.0001970000012079,4,0.0,0.0,UNI
2025-02-13 00:00:00+00:00,0.0001970000012079,0.0001970000012079,0.0001920000067912,0.0001939999929163,4,0.0,0.0,UNI
2025-02-14 00:00:00+00:00,0.0001939999929163,0.0001979999942705,0.0001939999929163,0.0001959999935934,4,0.0,0.0,UNI
2025-02-15 00:00:00+00:00,0.0001959999935934,0.0001970000012079,0.0001959999935934,0.0001959999935934,4,0.0,0.0,UNI
2025-02-16 00:00:00+00:00,0.0001959999935934,0.0001959999935934,0.0001929999998537,0.0001929999998537,4,0.0,0.0,UNI
2025-02-17 00:00:00+00:00,0.0001929999998537,0.0001950000005308,0.0001909999991767,0.0001920000067912,4,0.0,0.0,UNI
2025-02-18 00:00:00+00:00,0.0001920000067912,0.0001939999929163,0.000188000005437,0.0001920000067912,4,0.0,0.0,UNI
2025-02-19 00:00:00+00:00,0.0001920000067912,0.0001950000005308,0.0001909999991767,0.0001939999929163,4,0.0,0.0,UNI
2025-02-20 00:00:00+00:00,0.0001939999929163,0.0001979999942705,0.0001939999929163,0.0001979999942705,4,0.0,0.0,UNI
2025-02-21 00:00:00+00:00,0.0001979999942705,0.0001999999949475,0.0001909999991767,0.0001929999998537,4,0.0,0.0,UNI
2025-02-22 00:00:00+00:00,0.0001929999998537,0.0001950000005308,0.0001929999998537,0.0001939999929163,4,0.0,0.0,UNI
2025-02-23 00:00:00+00:00,0.0001939999929163,0.0001939999929163,0.0001920000067912,0.0001939999929163,4,0.0,0.0,UNI
2025-02-24 00:00:00+00:00,0.0001939999929163,0.0001939999929163,0.0001840000040829,0.0001840000040829,3,0.0,0.0,UNI
2025-02-25 00:00:00+00:00,0.0001840000040829,0.0001860000047599,0.000172999993083,0.0001780000020517,3,0.0,0.0,UNI
2025-02-26 00:00:00+00:00,0.0001780000020517,0.0001789999951142,0.0001659999979892,0.0001690000062808,3,0.0,0.0,UNI
2025-02-27 00:00:00+00:00,0.0001690000062808,0.0001749999937601,0.0001659999979892,0.0001699999993434,3,0.0,0.0,UNI
2025-02-28 00:00:00+00:00,0.0001699999993434,0.0001699999993434,0.0001579999952809,0.0001699999993434,3,0.0,0.0,UNI
2025-03-01 00:00:00+00:00,0.0001699999993434,0.0001740000006975,0.0001679999986663,0.000172999993083,3,0.0,0.0,UNI
2025-03-02 00:00:00+00:00,0.000172999993083,0.0001909999991767,0.0001710000069579,0.0001889999984996,4,0.0,0.0,UNI
2025-03-03 00:00:00+00:00,0.0001889999984996,0.0001889999984996,0.0001710000069579,0.000172999993083,3,0.0,0.0,UNI
2025-03-04 00:00:00+00:00,0.000172999993083,0.0001780000020517,0.0001639999973122,0.0001749999937601,3,0.0,0.0,UNI
2025-03-05 00:00:00+00:00,0.0001749999937601,0.0001829999964684,0.0001740000006975,0.0001820000034058,3,0.0,0.0,UNI
2025-03-06 00:00:00+00:00,0.0001820000034058,0.0001860000047599,0.0001769999944372,0.0001809999957913,3,0.0,0.0,UNI
2025-03-07 00:00:00+00:00,0.0001809999957913,0.0001829999964684,0.0001720000000204,0.0001740000006975,3,0.0,0.0,UNI
2025-03-08 00:00:00+00:00,0.0001740000006975,0.0001749999937601,0.0001720000000204,0.000172999993083,3,0.0,0.0,UNI
2025-03-09 00:00:00+00:00,0.000172999993083,0.0001740000006975,0.0001610000035725,0.0001619999966351,3,0.0,0.0,UNI
2025-03-10 00:00:00+00:00,0.0001619999966351,0.0001679999986663,0.0001559999946039,0.0001579999952809,3,0.0,0.0,UNI
2025-03-11 00:00:00+00:00,0.0001579999952809,0.0001679999986663,0.0001550000015413,0.0001659999979892,3,0.0,0.0,UNI
2025-03-12 00:00:00+00:00,0.0001659999979892,0.0001690000062808,0.0001619999966351,0.0001679999986663,3,0.0,0.0,UNI
2025-03-13 00:00:00+00:00,0.0001679999986663,0.0001690000062808,0.0001610000035725,0.0001630000042496,3,0.0,0.0,UNI
2025-03-14 00:00:00+00:00,0.0001630000042496,0.0001710000069579,0.0001630000042496,0.0001690000062808,3,0.0,0.0,UNI
2025-03-15 00:00:00+00:00,0.0001690000062808,0.0001699999993434,0.0001679999986663,0.0001699999993434,3,0.0,0.0,UNI
2025-03-16 00:00:00+00:00,0.0001699999993434,0.0001710000069579,0.0001650000049266,0.0001659999979892,3,0.0,0.0,UNI
2025-03-17 00:00:00+00:00,0.0001659999979892,0.0001699999993434,0.0001659999979892,0.0001690000062808,3,0.0,0.0,UNI
2025-03-18 00:00:00+00:00,0.0001690000062808,0.0001690000062808,0.0001630000042496,0.0001659999979892,3,0.0,0.0,UNI
2025-03-19 00:00:00+00:00,0.0001659999979892,0.0001749999937601,0.0001659999979892,0.0001740000006975,3,0.0,0.0,UNI
2025-03-20 00:00:00+00:00,0.0001740000006975,0.0001760000013746,0.0001679999986663,0.0001690000062808,3,0.0,0.0,UNI
2025-03-21 00:00:00+00:00,0.0001690000062808,0.0001699999993434,0.0001670000056037,0.0001690000062808,3,0.0,0.0,UNI
2025-03-22 00:00:00+00:00,0.0001690000062808,0.0001699999993434,0.0001679999986663,0.0001679999986663,3,0.0,0.0,UNI
2025-03-23 00:00:00+00:00,0.0001679999986663,0.000172999993083,0.0001679999986663,0.000172999993083,3,0.0,0.0,UNI
2025-03-24 00:00:00+00:00,0.000172999993083,0.0001780000020517,0.0001720000000204,0.0001760000013746,3,0.0,0.0,UNI
2025-03-25 00:00:00+00:00,0.0001760000013746,0.0001780000020517,0.0001740000006975,0.0001760000013746,3,0.0,0.0,UNI
2025-03-26 00:00:00+00:00,0.0001760000013746,0.0001769999944372,0.000172999993083,0.0001749999937601,3,0.0,0.0,UNI
2025-03-27 00:00:00+00:00,0.0001749999937601,0.0001760000013746,0.000172999993083,0.0001749999937601,3,0.0,0.0,UNI
2025-03-28 00:00:00+00:00,0.0001749999937601,0.0001760000013746,0.0001679999986663,0.0001699999993434,3,0.0,0.0,UNI
2025-03-29 00:00:00+00:00,0.0001699999993434,0.0001699999993434,0.0001639999973122,0.0001659999979892,3,0.0,0.0,UNI
2025-03-30 00:00:00+00:00,0.0001659999979892,0.0001679999986663,0.0001639999973122,0.0001659999979892,3,0.0,0.0,UNI
2025-03-31 00:00:00+00:00,0.0001659999979892,0.0001679999986663,0.0001630000042496,0.0001659999979892,3,0.0,0.0,UNI
2025-04-01 00:00:00+00:00,0.0001659999979892,0.0001720000000204,0.0001659999979892,0.0001710000069579,3,0.0,0.0,UNI
2025-04-02 00:00:00+00:00,0.0001710000069579,0.0001769999944372,0.0001659999979892,0.0001659999979892,3,0.0,0.0,UNI
2025-04-03 00:00:00+00:00,0.0001659999979892,0.0001690000062808,0.0001630000042496,0.0001670000056037,3,0.0,0.0,UNI
2025-04-04 00:00:00+00:00,0.0001670000056037,0.0001699999993434,0.0001650000049266,0.0001690000062808,3,0.0,0.0,UNI
2025-04-05 00:00:00+00:00,0.0001690000062808,0.0001690000062808,0.0001659999979892,0.0001679999986663,3,0.0,0.0,UNI
2025-04-06 00:00:00+00:00,0.0001679999986663,0.0001679999986663,0.0001550000015413,0.0001570000022184,3,0.0,0.0,UNI
2025-04-07 00:00:00+00:00,0.0001570000022184,0.0001630000042496,0.0001500000071246,0.0001590000028954,3,0.0,0.0,UNI
2025-04-08 00:00:00+00:00,0.0001590000028954,0.0001619999966351,0.0001530000008642,0.0001530000008642,3,0.0,0.0,UNI
2025-04-09 00:00:00+00:00,0.0001530000008642,0.0001679999986663,0.0001500000071246,0.0001659999979892,3,0.0,0.0,UNI
2025-04-10 00:00:00+00:00,0.0001659999979892,0.0001659999979892,0.0001579999952809,0.000159999995958,3,0.0,0.0,UNI
2025-04-11 00:00:00+00:00,0.000159999995958,0.0001630000042496,0.0001590000028954,0.0001630000042496,0,0.0,0.0,UNI
2025-04-12 00:00:00+00:00,0.0001630000042496,0.0001630000042496,0.0001630000042496,0.0001630000042496,0,0.0,0.0,UNI
2025-04-13 00:00:00+00:00,0.0001630000042496,0.0001630000042496,0.0001630000042496,0.0001630000042496,0,0.0,0.0,UNI
2025-04-14 00:00:00+00:00,0.0001630000042496,0.0001630000042496,0.0001630000042496,0.0001630000042496,0,0.0,0.0,UNI
2025-04-15 00:00:00+00:00,0.0001630000042496,0.0001630000042496,0.0001630000042496,0.0001630000042496,0,0.0,0.0,UNI
2025-04-16 00:00:00+00:00,0.0001630000042496,0.0001630000042496,0.0001630000042496,0.0001630000042496,0,0.0,0.0,UNI
2025-04-17 00:00:00+00:00,0.0001630000042496,0.0001630000042496,0.0001630000042496,0.0001630000042496,0,0.0,0.0,UNI
