date,open,high,low,close,volume,dividends,stock_splits,coin
2023-11-23 00:00:00+00:00,14.232728004455566,14.789417266845703,14.172412872314451,14.402031898498535,587203129,0.0,0.0,LINK
2023-11-24 00:00:00+00:00,14.402276992797852,14.758118629455566,14.28989315032959,14.46033000946045,484485830,0.0,0.0,LINK
2023-11-25 00:00:00+00:00,14.46083164215088,14.934152603149414,14.44787311553955,14.756277084350586,401143324,0.0,0.0,LINK
2023-11-26 00:00:00+00:00,14.757086753845217,15.283394813537598,14.563508987426758,14.789013862609863,534766653,0.0,0.0,LINK
2023-11-27 00:00:00+00:00,14.787519454956056,15.242313385009766,13.937414169311523,14.20132827758789,629034297,0.0,0.0,LINK
2023-11-28 00:00:00+00:00,14.200359344482422,14.672588348388672,13.832695960998535,14.519681930541992,602325961,0.0,0.0,LINK
2023-11-29 00:00:00+00:00,14.519965171813965,14.959171295166016,14.450840950012209,14.511725425720217,535989113,0.0,0.0,LINK
2023-11-30 00:00:00+00:00,14.51296329498291,14.794313430786133,14.309826850891112,14.404431343078612,519218596,0.0,0.0,LINK
2023-12-01 00:00:00+00:00,14.404644966125488,15.015857696533203,14.30939483642578,14.98322868347168,515864142,0.0,0.0,LINK
2023-12-02 00:00:00+00:00,14.982871055603027,16.168455123901367,14.940643310546877,15.994240760803224,693342917,0.0,0.0,LINK
2023-12-03 00:00:00+00:00,15.993650436401367,16.249324798583984,15.74077320098877,15.7426118850708,549786104,0.0,0.0,LINK
2023-12-04 00:00:00+00:00,15.741615295410156,16.350549697875977,15.466705322265623,15.764348983764648,981896557,0.0,0.0,LINK
2023-12-05 00:00:00+00:00,15.769146919250488,16.020591735839844,15.222803115844728,15.720780372619627,656438313,0.0,0.0,LINK
2023-12-06 00:00:00+00:00,15.721412658691406,16.122791290283203,15.29030704498291,15.29030704498291,702626733,0.0,0.0,LINK
2023-12-07 00:00:00+00:00,15.292208671569824,15.781214714050291,14.827383041381836,15.712053298950195,778907366,0.0,0.0,LINK
2023-12-08 00:00:00+00:00,15.711419105529783,17.103321075439453,15.595531463623049,16.942026138305664,988810739,0.0,0.0,LINK
2023-12-09 00:00:00+00:00,16.938854217529297,17.26832389831543,16.160245895385742,16.218416213989258,865532067,0.0,0.0,LINK
2023-12-10 00:00:00+00:00,16.221242904663086,16.432838439941406,15.888251304626465,16.333545684814453,458733835,0.0,0.0,LINK
2023-12-11 00:00:00+00:00,16.33810806274414,16.421165466308594,14.312495231628418,14.76536464691162,1146416406,0.0,0.0,LINK
2023-12-12 00:00:00+00:00,14.765403747558594,15.114489555358888,14.226643562316896,14.521307945251465,604737208,0.0,0.0,LINK
2023-12-13 00:00:00+00:00,14.521306037902832,14.915492057800291,13.975855827331545,14.778791427612305,643456906,0.0,0.0,LINK
2023-12-14 00:00:00+00:00,14.77792739868164,15.51260471343994,14.668207168579102,15.393107414245604,716806418,0.0,0.0,LINK
2023-12-15 00:00:00+00:00,15.393260955810549,15.393260955810549,14.327272415161133,14.327272415161133,489878330,0.0,0.0,LINK
2023-12-16 00:00:00+00:00,14.32780933380127,14.76237678527832,14.198896408081056,14.318156242370604,369999033,0.0,0.0,LINK
2023-12-17 00:00:00+00:00,14.31942081451416,14.34474754333496,13.949809074401855,14.020898818969728,336120331,0.0,0.0,LINK
2023-12-18 00:00:00+00:00,14.018386840820312,14.64920425415039,13.704800605773926,14.645723342895508,691112282,0.0,0.0,LINK
2023-12-19 00:00:00+00:00,14.647416114807127,14.779111862182615,13.983527183532717,14.095596313476562,412165750,0.0,0.0,LINK
2023-12-20 00:00:00+00:00,14.095105171203612,14.781496047973633,14.026620864868164,14.225022315979004,446154609,0.0,0.0,LINK
2023-12-21 00:00:00+00:00,14.227266311645508,15.28655242919922,14.20758056640625,15.28655242919922,612613684,0.0,0.0,LINK
2023-12-22 00:00:00+00:00,15.287428855895996,15.6690673828125,15.128263473510742,15.497312545776367,598902011,0.0,0.0,LINK
2023-12-23 00:00:00+00:00,15.496829986572266,15.86966323852539,14.965622901916504,15.687339782714844,560613729,0.0,0.0,LINK
2023-12-24 00:00:00+00:00,15.688363075256348,15.91864776611328,15.255575180053713,15.31032657623291,571354195,0.0,0.0,LINK
2023-12-25 00:00:00+00:00,15.308767318725586,15.702865600585938,15.181657791137695,15.608394622802734,459143712,0.0,0.0,LINK
2023-12-26 00:00:00+00:00,15.607924461364746,15.853294372558594,14.59925937652588,15.090892791748049,590842109,0.0,0.0,LINK
2023-12-27 00:00:00+00:00,15.091047286987305,16.672073364257812,14.708950996398926,16.672073364257812,795330265,0.0,0.0,LINK
2023-12-28 00:00:00+00:00,16.67852210998535,17.543703079223633,16.040952682495117,16.051332473754883,1136588734,0.0,0.0,LINK
2023-12-29 00:00:00+00:00,16.048738479614258,16.20697593688965,15.256011962890623,15.533926010131836,641252306,0.0,0.0,LINK
2023-12-30 00:00:00+00:00,15.533536911010742,15.612436294555664,15.080486297607422,15.19324779510498,304404383,0.0,0.0,LINK
2023-12-31 00:00:00+00:00,15.19114875793457,15.48153591156006,14.901456832885742,14.946123123168944,346636245,0.0,0.0,LINK
2024-01-01 00:00:00+00:00,14.946928024291992,15.559929847717283,14.874287605285645,15.535808563232422,319817917,0.0,0.0,LINK
2024-01-02 00:00:00+00:00,15.53764820098877,16.04694938659668,15.118124008178713,15.165292739868164,500000291,0.0,0.0,LINK
2024-01-03 00:00:00+00:00,15.165781021118164,15.548996925354004,13.309148788452148,14.150558471679688,861494361,0.0,0.0,LINK
2024-01-04 00:00:00+00:00,14.150727272033691,14.75055980682373,14.032012939453123,14.5540189743042,428122958,0.0,0.0,LINK
2024-01-05 00:00:00+00:00,14.554085731506348,14.642992973327637,13.85768985748291,14.065112113952637,591619366,0.0,0.0,LINK
2024-01-06 00:00:00+00:00,14.067513465881348,14.094762802124023,13.267943382263184,13.42838191986084,379600087,0.0,0.0,LINK
2024-01-07 00:00:00+00:00,13.426657676696776,13.714838027954102,13.05752182006836,13.140296936035156,310835368,0.0,0.0,LINK
2024-01-08 00:00:00+00:00,13.141215324401855,14.38736343383789,12.648887634277344,14.156993865966797,553717423,0.0,0.0,LINK
2024-01-09 00:00:00+00:00,14.157729148864746,14.242671966552734,13.39568328857422,13.705975532531738,546517541,0.0,0.0,LINK
2024-01-10 00:00:00+00:00,13.706121444702148,15.310247421264648,13.595141410827637,15.031819343566896,661542902,0.0,0.0,LINK
2024-01-11 00:00:00+00:00,15.035154342651367,15.656933784484863,14.633432388305664,15.032686233520508,697822804,0.0,0.0,LINK
2024-01-12 00:00:00+00:00,15.031190872192385,15.281560897827148,13.76581573486328,14.134305000305176,577192494,0.0,0.0,LINK
2024-01-13 00:00:00+00:00,14.131388664245604,14.421743392944336,13.853371620178224,14.36403465270996,299419280,0.0,0.0,LINK
2024-01-14 00:00:00+00:00,14.36369514465332,15.354286193847656,14.301936149597168,14.79709243774414,663453857,0.0,0.0,LINK
2024-01-15 00:00:00+00:00,14.792351722717283,15.995445251464844,14.77641773223877,15.195074081420898,707218360,0.0,0.0,LINK
2024-01-16 00:00:00+00:00,15.193633079528809,15.34381103515625,14.789871215820312,15.261761665344238,387299706,0.0,0.0,LINK
2024-01-17 00:00:00+00:00,15.26165771484375,16.33771514892578,15.261645317077637,15.730317115783691,803102010,0.0,0.0,LINK
2024-01-18 00:00:00+00:00,15.732048034667969,15.745418548583984,14.2490234375,14.64999294281006,610064426,0.0,0.0,LINK
2024-01-19 00:00:00+00:00,14.649868965148926,16.320892333984375,14.486666679382324,16.04130744934082,826092587,0.0,0.0,LINK
2024-01-20 00:00:00+00:00,16.043941497802734,16.52505874633789,15.68657684326172,15.742375373840332,732056419,0.0,0.0,LINK
2024-01-21 00:00:00+00:00,15.74295139312744,15.878677368164062,15.39101219177246,15.39101219177246,324358693,0.0,0.0,LINK
2024-01-22 00:00:00+00:00,15.391611099243164,15.890238761901855,14.520672798156738,14.544947624206545,708261898,0.0,0.0,LINK
2024-01-23 00:00:00+00:00,14.544541358947754,14.858843803405762,13.594902992248535,14.274681091308594,616651164,0.0,0.0,LINK
2024-01-24 00:00:00+00:00,14.27546215057373,14.411541938781738,13.927311897277832,14.23513412475586,416405212,0.0,0.0,LINK
2024-01-25 00:00:00+00:00,14.235353469848633,14.235353469848633,13.533995628356934,13.757712364196776,335499608,0.0,0.0,LINK
2024-01-26 00:00:00+00:00,13.757756233215332,14.279745101928713,13.648445129394531,14.195534706115724,349862980,0.0,0.0,LINK
2024-01-27 00:00:00+00:00,14.195385932922363,14.390691757202148,14.103151321411133,14.34029769897461,227717439,0.0,0.0,LINK
2024-01-28 00:00:00+00:00,14.341546058654783,14.687256813049316,14.234009742736816,14.51756191253662,330708266,0.0,0.0,LINK
2024-01-29 00:00:00+00:00,14.509693145751951,15.063239097595217,14.299774169921877,14.988256454467772,460964052,0.0,0.0,LINK
2024-01-30 00:00:00+00:00,14.988558769226074,15.773016929626465,14.91315460205078,15.467368125915527,539457495,0.0,0.0,LINK
2024-01-31 00:00:00+00:00,15.46727180480957,16.026805877685547,15.107112884521484,15.39860725402832,741461692,0.0,0.0,LINK
2024-02-01 00:00:00+00:00,15.399762153625488,17.35688591003418,15.167569160461426,17.184246063232422,1236597577,0.0,0.0,LINK
2024-02-02 00:00:00+00:00,17.183263778686523,18.833101272583008,17.183263778686523,17.791160583496094,1568486381,0.0,0.0,LINK
2024-02-03 00:00:00+00:00,17.790956497192383,18.096162796020508,17.535743713378906,17.661924362182617,650741970,0.0,0.0,LINK
2024-02-04 00:00:00+00:00,17.66180419921875,18.62028312683105,17.56816864013672,18.17605972290039,702727905,0.0,0.0,LINK
2024-02-05 00:00:00+00:00,18.175743103027344,19.684988021850582,17.853174209594727,19.131561279296875,1106380674,0.0,0.0,LINK
2024-02-06 00:00:00+00:00,19.13190460205078,19.265439987182617,18.29292869567871,18.29801368713379,675104330,0.0,0.0,LINK
2024-02-07 00:00:00+00:00,18.297542572021484,19.043725967407227,18.1020565032959,18.85492515563965,579755784,0.0,0.0,LINK
2024-02-08 00:00:00+00:00,18.853782653808597,19.239654541015625,18.06330108642578,18.23130416870117,615473559,0.0,0.0,LINK
2024-02-09 00:00:00+00:00,18.23029518127441,18.60782241821289,18.08283042907715,18.46788215637207,565029386,0.0,0.0,LINK
2024-02-10 00:00:00+00:00,18.46775245666504,19.091100692749023,18.04984474182129,19.091100692749023,429015962,0.0,0.0,LINK
2024-02-11 00:00:00+00:00,19.08588218688965,20.6483097076416,18.88140869140625,20.12895965576172,862425647,0.0,0.0,LINK
2024-02-12 00:00:00+00:00,20.13029670715332,20.82209205627441,19.815120697021484,20.491962432861328,848502024,0.0,0.0,LINK
2024-02-13 00:00:00+00:00,20.489805221557617,20.57659721374512,19.606748580932617,19.88628387451172,613499013,0.0,0.0,LINK
2024-02-14 00:00:00+00:00,19.887086868286133,20.419578552246094,19.74540328979492,20.277942657470703,543487979,0.0,0.0,LINK
2024-02-15 00:00:00+00:00,20.277700424194336,20.51030540466309,19.707740783691406,19.94938087463379,544567670,0.0,0.0,LINK
2024-02-16 00:00:00+00:00,19.94908905029297,20.30176544189453,19.276447296142575,19.57235336303711,489684939,0.0,0.0,LINK
2024-02-17 00:00:00+00:00,19.572494506835938,20.247217178344727,19.303455352783203,20.03460693359375,427306998,0.0,0.0,LINK
2024-02-18 00:00:00+00:00,20.03436279296875,20.343292236328125,19.806690216064453,20.096508026123047,356118168,0.0,0.0,LINK
2024-02-19 00:00:00+00:00,20.09855461120605,20.21760368347168,19.698467254638672,19.820606231689453,454015884,0.0,0.0,LINK
2024-02-20 00:00:00+00:00,19.82036018371582,19.869354248046875,18.706750869750977,19.29519462585449,568223480,0.0,0.0,LINK
2024-02-21 00:00:00+00:00,19.295188903808597,19.295188903808597,18.048803329467773,18.58225440979004,495965298,0.0,0.0,LINK
2024-02-22 00:00:00+00:00,18.58370780944824,18.999244689941406,18.090539932250977,18.11295318603516,426909233,0.0,0.0,LINK
2024-02-23 00:00:00+00:00,18.112075805664062,18.25124168395996,17.66600227355957,17.939098358154297,438465711,0.0,0.0,LINK
2024-02-24 00:00:00+00:00,17.9390926361084,18.55009078979492,17.7943115234375,18.52635955810547,274343168,0.0,0.0,LINK
2024-02-25 00:00:00+00:00,18.526796340942383,18.82285690307617,18.39051818847656,18.704635620117188,249814543,0.0,0.0,LINK
2024-02-26 00:00:00+00:00,18.70410919189453,19.2612247467041,18.174182891845703,19.116256713867188,452194269,0.0,0.0,LINK
2024-02-27 00:00:00+00:00,19.11561584472656,19.352935791015625,18.77648162841797,19.036426544189453,477370753,0.0,0.0,LINK
2024-02-28 00:00:00+00:00,19.035030364990234,20.623516082763672,18.48804473876953,19.431785583496094,1212477258,0.0,0.0,LINK
2024-02-29 00:00:00+00:00,19.434070587158203,20.415945053100582,18.85553359985352,19.287715911865234,832935352,0.0,0.0,LINK
2024-03-01 00:00:00+00:00,19.28403854370117,20.084226608276367,19.28403854370117,20.0609073638916,478178080,0.0,0.0,LINK
2024-03-02 00:00:00+00:00,20.06102561950684,21.67681121826172,20.02598762512207,21.42159843444824,882798169,0.0,0.0,LINK
2024-03-03 00:00:00+00:00,21.42127799987793,21.48976325988769,20.0821590423584,20.513017654418945,649140532,0.0,0.0,LINK
2024-03-04 00:00:00+00:00,20.51277732849121,20.86111068725586,19.916492462158203,20.44875717163086,722955368,0.0,0.0,LINK
2024-03-05 00:00:00+00:00,20.4491024017334,20.992366790771484,17.208717346191406,19.010520935058597,1277388781,0.0,0.0,LINK
2024-03-06 00:00:00+00:00,19.012067794799805,20.145967483520508,18.427453994750977,20.075965881347656,709851913,0.0,0.0,LINK
2024-03-07 00:00:00+00:00,20.075965881347656,20.339584350585938,19.64303970336914,20.127426147460938,534632276,0.0,0.0,LINK
2024-03-08 00:00:00+00:00,20.126859664916992,20.39038848876953,19.321224212646484,19.741352081298828,590191572,0.0,0.0,LINK
2024-03-09 00:00:00+00:00,19.741384506225582,20.343549728393555,19.71990394592285,20.028526306152344,414335240,0.0,0.0,LINK
2024-03-10 00:00:00+00:00,20.028533935546875,21.94320297241211,19.52034950256348,21.75461196899414,696612444,0.0,0.0,LINK
2024-03-11 00:00:00+00:00,21.753538131713867,22.82524871826172,20.967533111572266,21.289613723754883,1265727284,0.0,0.0,LINK
2024-03-12 00:00:00+00:00,21.290363311767575,21.323486328125,19.74997901916504,20.66677474975586,824857503,0.0,0.0,LINK
2024-03-13 00:00:00+00:00,20.665733337402344,20.947208404541016,20.26191520690918,20.7681884765625,571777047,0.0,0.0,LINK
2024-03-14 00:00:00+00:00,20.768911361694336,21.926925659179688,20.01376724243164,20.906293869018555,1248029437,0.0,0.0,LINK
2024-03-15 00:00:00+00:00,20.906373977661133,20.97629737854004,18.68145179748535,19.60538673400879,993744389,0.0,0.0,LINK
2024-03-16 00:00:00+00:00,19.60574150085449,19.81681632995605,17.858531951904297,18.12628936767578,655756726,0.0,0.0,LINK
2024-03-17 00:00:00+00:00,18.12628936767578,18.798864364624023,17.463088989257812,18.67449760437012,546519270,0.0,0.0,LINK
2024-03-18 00:00:00+00:00,18.67449760437012,19.473478317260746,18.07137107849121,18.32435417175293,728929956,0.0,0.0,LINK
2024-03-19 00:00:00+00:00,18.32435417175293,18.44158172607422,16.539562225341797,16.809295654296875,935598926,0.0,0.0,LINK
2024-03-20 00:00:00+00:00,16.809295654296875,18.49754524230957,16.33765983581543,18.406482696533203,781775324,0.0,0.0,LINK
2024-03-21 00:00:00+00:00,18.406482696533203,18.885072708129883,17.947351455688477,18.43138313293457,552786830,0.0,0.0,LINK
2024-03-22 00:00:00+00:00,18.43284797668457,18.54477882385254,17.362171173095703,18.29066467285156,497883211,0.0,0.0,LINK
2024-03-23 00:00:00+00:00,18.29317283630371,18.463712692260746,17.945194244384766,18.07221794128418,331799170,0.0,0.0,LINK
2024-03-24 00:00:00+00:00,18.072227478027344,18.62269592285156,17.998680114746094,18.53266906738281,269868132,0.0,0.0,LINK
2024-03-25 00:00:00+00:00,18.53266906738281,19.47170066833496,18.39690971374512,19.359712600708008,441562578,0.0,0.0,LINK
2024-03-26 00:00:00+00:00,19.359712600708008,20.70880126953125,19.35177230834961,20.01067543029785,584522231,0.0,0.0,LINK
2024-03-27 00:00:00+00:00,20.01068687438965,20.1717529296875,19.018234252929688,19.302181243896484,482866400,0.0,0.0,LINK
2024-03-28 00:00:00+00:00,19.30185317993164,19.76956367492676,19.058643341064453,19.16071319580078,383326987,0.0,0.0,LINK
2024-03-29 00:00:00+00:00,19.1602725982666,19.279991149902344,18.76167297363281,18.993438720703125,323576664,0.0,0.0,LINK
2024-03-30 00:00:00+00:00,18.993350982666016,19.294198989868164,18.8089542388916,18.943042755126957,299629003,0.0,0.0,LINK
2024-03-31 00:00:00+00:00,18.943029403686523,19.335132598876957,18.905736923217773,19.13772773742676,295415721,0.0,0.0,LINK
2024-04-01 00:00:00+00:00,19.137741088867188,19.268688201904297,17.885051727294922,18.38026237487793,434693139,0.0,0.0,LINK
2024-04-02 00:00:00+00:00,18.380250930786133,18.471210479736328,17.54703140258789,17.963333129882812,682013854,0.0,0.0,LINK
2024-04-03 00:00:00+00:00,17.963058471679688,18.284156799316406,17.419818878173828,17.706615447998047,402877117,0.0,0.0,LINK
2024-04-04 00:00:00+00:00,17.706623077392578,18.24907112121582,17.430511474609375,17.793916702270508,360515168,0.0,0.0,LINK
2024-04-05 00:00:00+00:00,17.793903350830078,17.796274185180664,16.901479721069336,17.347497940063477,359156924,0.0,0.0,LINK
2024-04-06 00:00:00+00:00,17.347497940063477,17.657634735107422,17.293745040893555,17.57422637939453,215699150,0.0,0.0,LINK
2024-04-07 00:00:00+00:00,17.57422637939453,17.935413360595703,17.51726722717285,17.922143936157227,236284729,0.0,0.0,LINK
2024-04-08 00:00:00+00:00,17.92213249206543,18.65139579772949,17.570819854736328,18.100648880004883,411741273,0.0,0.0,LINK
2024-04-09 00:00:00+00:00,18.1005973815918,18.16110038757324,17.280458450317383,17.36273765563965,351149960,0.0,0.0,LINK
2024-04-10 00:00:00+00:00,17.36273765563965,17.567617416381836,16.989839553833008,17.42534637451172,369699835,0.0,0.0,LINK
2024-04-11 00:00:00+00:00,17.42537498474121,17.611204147338867,17.03974723815918,17.550020217895508,266199104,0.0,0.0,LINK
2024-04-12 00:00:00+00:00,17.550020217895508,17.85430908203125,14.031359672546388,15.157100677490234,943280038,0.0,0.0,LINK
2024-04-13 00:00:00+00:00,15.157198905944824,15.38916015625,11.99967098236084,13.3458251953125,1021815308,0.0,0.0,LINK
2024-04-14 00:00:00+00:00,13.3458251953125,14.230466842651367,12.781405448913574,14.119750022888184,727188553,0.0,0.0,LINK
2024-04-15 00:00:00+00:00,14.119806289672852,14.655649185180664,13.28430461883545,13.58257293701172,563637578,0.0,0.0,LINK
2024-04-16 00:00:00+00:00,13.582938194274902,13.79514503479004,12.858682632446287,13.488032341003418,420986231,0.0,0.0,LINK
2024-04-17 00:00:00+00:00,13.48802661895752,13.600729942321776,12.787416458129885,13.135204315185549,376238309,0.0,0.0,LINK
2024-04-18 00:00:00+00:00,13.135266304016112,13.954026222229004,12.852895736694336,13.89305305480957,348386193,0.0,0.0,LINK
2024-04-19 00:00:00+00:00,13.89305305480957,14.09622573852539,12.80741024017334,13.966599464416504,480090077,0.0,0.0,LINK
2024-04-20 00:00:00+00:00,13.966575622558594,15.033140182495115,13.791419982910156,14.964591979980469,316011013,0.0,0.0,LINK
2024-04-21 00:00:00+00:00,14.964591979980469,15.096563339233398,14.594050407409668,15.080411911010742,253842937,0.0,0.0,LINK
2024-04-22 00:00:00+00:00,15.080377578735352,16.014923095703125,15.046110153198242,15.465097427368164,402180030,0.0,0.0,LINK
2024-04-23 00:00:00+00:00,15.465097427368164,15.568509101867676,15.133588790893556,15.196627616882324,286424072,0.0,0.0,LINK
2024-04-24 00:00:00+00:00,15.196627616882324,15.62138557434082,14.376786231994627,14.537848472595217,389775170,0.0,0.0,LINK
2024-04-25 00:00:00+00:00,14.53818416595459,14.881219863891602,14.379462242126465,14.599360466003418,338321602,0.0,0.0,LINK
2024-04-26 00:00:00+00:00,14.599360466003418,14.907397270202637,14.383587837219238,14.480972290039062,284590210,0.0,0.0,LINK
2024-04-27 00:00:00+00:00,14.480972290039062,14.510931968688965,13.892359733581545,14.252129554748535,307273968,0.0,0.0,LINK
2024-04-28 00:00:00+00:00,14.252129554748535,14.42255687713623,13.75908660888672,13.808069229125977,216493199,0.0,0.0,LINK
2024-04-29 00:00:00+00:00,13.808037757873535,14.16159439086914,13.75177001953125,14.073784828186035,277693637,0.0,0.0,LINK
2024-04-30 00:00:00+00:00,14.073822021484377,14.189181327819824,12.831116676330566,13.13352108001709,352023291,0.0,0.0,LINK
2024-05-01 00:00:00+00:00,13.133502960205078,13.415224075317385,12.4508638381958,13.344388008117676,445362231,0.0,0.0,LINK
2024-05-02 00:00:00+00:00,13.344223976135254,13.764080047607422,12.950907707214355,13.59581470489502,267992086,0.0,0.0,LINK
2024-05-03 00:00:00+00:00,13.59581470489502,14.20153522491455,13.488728523254396,14.109475135803224,259541877,0.0,0.0,LINK
2024-05-04 00:00:00+00:00,14.109318733215332,14.46625518798828,14.01676082611084,14.31827163696289,235116388,0.0,0.0,LINK
2024-05-05 00:00:00+00:00,14.318087577819824,14.645101547241213,14.133519172668455,14.375481605529783,190221873,0.0,0.0,LINK
2024-05-06 00:00:00+00:00,14.375450134277344,15.14919090270996,14.299753189086914,14.50192928314209,327871724,0.0,0.0,LINK
2024-05-07 00:00:00+00:00,14.501947402954102,14.70867919921875,14.01162338256836,14.01184368133545,287437444,0.0,0.0,LINK
2024-05-08 00:00:00+00:00,14.011879920959473,14.083839416503906,13.718222618103027,13.899291038513184,288578177,0.0,0.0,LINK
2024-05-09 00:00:00+00:00,13.899291038513184,14.355130195617676,13.873662948608398,14.23800277709961,274558746,0.0,0.0,LINK
2024-05-10 00:00:00+00:00,14.23802089691162,14.35779857635498,13.511829376220703,13.568572998046877,274927954,0.0,0.0,LINK
2024-05-11 00:00:00+00:00,13.56857681274414,13.796143531799316,13.296911239624023,13.301305770874023,178142021,0.0,0.0,LINK
2024-05-12 00:00:00+00:00,13.301321029663086,13.578140258789062,13.300753593444824,13.546971321105955,148721859,0.0,0.0,LINK
2024-05-13 00:00:00+00:00,13.54695987701416,13.651914596557615,13.093815803527832,13.378436088562012,270312590,0.0,0.0,LINK
2024-05-14 00:00:00+00:00,13.378436088562012,13.570034980773926,12.958799362182615,12.975332260131836,307433873,0.0,0.0,LINK
2024-05-15 00:00:00+00:00,12.975312232971191,13.932564735412598,12.85251808166504,13.888160705566406,334698566,0.0,0.0,LINK
2024-05-16 00:00:00+00:00,13.888228416442873,15.82179832458496,13.56537628173828,15.509692192077637,768021706,0.0,0.0,LINK
2024-05-17 00:00:00+00:00,15.50969409942627,16.721471786499023,15.50969409942627,16.252931594848633,1042969872,0.0,0.0,LINK
2024-05-18 00:00:00+00:00,16.252887725830078,16.543102264404297,16.074989318847656,16.31100845336914,450272670,0.0,0.0,LINK
2024-05-19 00:00:00+00:00,16.31101417541504,17.08928108215332,16.31101417541504,16.581558227539062,641616268,0.0,0.0,LINK
2024-05-20 00:00:00+00:00,16.581558227539062,17.422252655029297,16.41546630859375,17.277952194213867,824464152,0.0,0.0,LINK
2024-05-21 00:00:00+00:00,17.277971267700195,17.410146713256836,16.543306350708008,16.735185623168945,633488502,0.0,0.0,LINK
2024-05-22 00:00:00+00:00,16.735435485839844,16.90926742553711,16.216976165771484,16.347694396972656,483145571,0.0,0.0,LINK
2024-05-23 00:00:00+00:00,16.347694396972656,16.785688400268555,15.579686164855955,16.605215072631836,686601809,0.0,0.0,LINK
2024-05-24 00:00:00+00:00,16.605215072631836,17.739299774169922,16.572744369506836,17.247709274291992,860300760,0.0,0.0,LINK
2024-05-25 00:00:00+00:00,17.247716903686523,17.45404624938965,16.94019317626953,17.441204071044922,337765481,0.0,0.0,LINK
2024-05-26 00:00:00+00:00,17.441211700439453,17.876766204833984,17.02984619140625,17.046470642089844,404129461,0.0,0.0,LINK
2024-05-27 00:00:00+00:00,17.046470642089844,18.82194709777832,16.909748077392578,18.778060913085938,704861560,0.0,0.0,LINK
2024-05-28 00:00:00+00:00,18.778074264526367,18.796405792236328,17.893945693969727,18.52767562866211,708852334,0.0,0.0,LINK
2024-05-29 00:00:00+00:00,18.52767562866211,19.163124084472656,18.056615829467773,18.452091217041016,595061486,0.0,0.0,LINK
2024-05-30 00:00:00+00:00,18.452104568481445,19.159082412719727,17.819229125976562,17.944950103759766,526063170,0.0,0.0,LINK
2024-05-31 00:00:00+00:00,17.944950103759766,18.69540405273437,17.486282348632812,18.422332763671875,448722915,0.0,0.0,LINK
2024-06-01 00:00:00+00:00,18.422243118286133,18.644102096557617,18.273914337158203,18.41452407836914,269013473,0.0,0.0,LINK
2024-06-02 00:00:00+00:00,18.41452407836914,18.53378677368164,18.07832145690918,18.148576736450195,271283314,0.0,0.0,LINK
2024-06-03 00:00:00+00:00,18.1485595703125,18.33014869689941,17.555862426757812,17.613609313964844,400610531,0.0,0.0,LINK
2024-06-04 00:00:00+00:00,17.61363410949707,17.8302001953125,17.51177215576172,17.72248077392578,324500129,0.0,0.0,LINK
2024-06-05 00:00:00+00:00,17.72248077392578,18.05718994140625,17.634641647338867,17.738054275512695,353065835,0.0,0.0,LINK
2024-06-06 00:00:00+00:00,17.738054275512695,17.763635635375977,17.136850357055664,17.268896102905273,410216703,0.0,0.0,LINK
2024-06-07 00:00:00+00:00,17.268896102905273,17.68723487854004,15.567102432250977,16.32770347595215,568559896,0.0,0.0,LINK
2024-06-08 00:00:00+00:00,16.326549530029297,16.40069007873535,15.734892845153809,15.944519996643066,298164921,0.0,0.0,LINK
2024-06-09 00:00:00+00:00,15.944357872009276,16.364234924316406,15.91950511932373,16.357593536376953,230054857,0.0,0.0,LINK
2024-06-10 00:00:00+00:00,16.35753059387207,16.37598419189453,15.785758972167969,15.89479923248291,329815113,0.0,0.0,LINK
2024-06-11 00:00:00+00:00,15.895237922668455,15.89627456665039,14.6956787109375,14.996339797973633,459267280,0.0,0.0,LINK
2024-06-12 00:00:00+00:00,14.995444297790527,16.224266052246094,14.769211769104004,16.001293182373047,449317940,0.0,0.0,LINK
2024-06-13 00:00:00+00:00,16.001806259155273,16.02467918395996,15.085171699523926,15.136268615722656,326760126,0.0,0.0,LINK
2024-06-14 00:00:00+00:00,15.135367393493652,15.438286781311035,14.48660945892334,14.741475105285645,358610741,0.0,0.0,LINK
2024-06-15 00:00:00+00:00,14.739990234375,15.090065002441406,14.715335845947266,14.858819961547852,212655249,0.0,0.0,LINK
2024-06-16 00:00:00+00:00,14.858386993408203,15.2034912109375,14.594244956970217,15.126066207885742,205762702,0.0,0.0,LINK
2024-06-17 00:00:00+00:00,15.125911712646484,15.192699432373049,14.062858581542969,14.534425735473633,347472612,0.0,0.0,LINK
2024-06-18 00:00:00+00:00,14.53372287750244,14.58327579498291,13.11952304840088,13.96777057647705,537842068,0.0,0.0,LINK
2024-06-19 00:00:00+00:00,13.96690845489502,14.482510566711426,13.924068450927734,14.334752082824709,271728905,0.0,0.0,LINK
2024-06-20 00:00:00+00:00,14.334752082824709,14.820920944213867,14.20938205718994,14.259183883666992,270709807,0.0,0.0,LINK
2024-06-21 00:00:00+00:00,14.258193969726562,14.576876640319824,13.862212181091309,13.862212181091309,336220670,0.0,0.0,LINK
2024-06-22 00:00:00+00:00,13.861446380615234,13.89426326751709,13.48008918762207,13.48008918762207,188504812,0.0,0.0,LINK
2024-06-23 00:00:00+00:00,13.479683876037598,13.663207054138184,13.15416431427002,13.177005767822266,188198887,0.0,0.0,LINK
2024-06-24 00:00:00+00:00,13.177666664123535,13.665404319763184,12.849995613098145,13.61471462249756,416898044,0.0,0.0,LINK
2024-06-25 00:00:00+00:00,13.614340782165527,14.273918151855469,13.582100868225098,14.195656776428224,283801977,0.0,0.0,LINK
2024-06-26 00:00:00+00:00,14.195709228515623,14.27432346343994,13.872239112854004,13.904292106628418,213713267,0.0,0.0,LINK
2024-06-27 00:00:00+00:00,13.90452480316162,14.521854400634766,13.597926139831545,14.38767433166504,292630617,0.0,0.0,LINK
2024-06-28 00:00:00+00:00,14.387800216674805,14.555310249328612,13.748739242553713,13.75875473022461,276493674,0.0,0.0,LINK
2024-06-29 00:00:00+00:00,13.758665084838867,14.130751609802246,13.483731269836426,13.511537551879885,189101546,0.0,0.0,LINK
2024-06-30 00:00:00+00:00,13.511879920959473,14.305947303771973,13.452871322631836,14.260198593139648,213330707,0.0,0.0,LINK
2024-07-01 00:00:00+00:00,14.258776664733888,14.542048454284668,14.232126235961914,14.327778816223145,252194482,0.0,0.0,LINK
2024-07-02 00:00:00+00:00,14.327308654785156,14.717906951904297,14.251063346862791,14.404244422912598,269740901,0.0,0.0,LINK
2024-07-03 00:00:00+00:00,14.403264999389648,14.551860809326172,13.575737953186035,13.620819091796877,469740295,0.0,0.0,LINK
2024-07-04 00:00:00+00:00,13.615341186523438,13.712814331054688,12.553675651550291,12.553675651550291,526876637,0.0,0.0,LINK
2024-07-05 00:00:00+00:00,12.5511474609375,12.5511474609375,11.161290168762209,12.305855751037598,711287457,0.0,0.0,LINK
2024-07-06 00:00:00+00:00,12.306089401245115,13.262130737304688,12.220009803771973,13.201163291931152,269207422,0.0,0.0,LINK
2024-07-07 00:00:00+00:00,13.198487281799316,13.198487281799316,12.309900283813477,12.35133457183838,243663129,0.0,0.0,LINK
2024-07-08 00:00:00+00:00,12.352208137512209,13.5100679397583,11.82588005065918,13.114887237548828,475712040,0.0,0.0,LINK
2024-07-09 00:00:00+00:00,13.114839553833008,13.263107299804688,12.75265407562256,12.820453643798828,364986619,0.0,0.0,LINK
2024-07-10 00:00:00+00:00,12.822996139526367,13.143470764160156,12.707423210144045,12.796518325805664,280522697,0.0,0.0,LINK
2024-07-11 00:00:00+00:00,12.795904159545898,13.108009338378906,12.314945220947266,12.350228309631348,315921152,0.0,0.0,LINK
2024-07-12 00:00:00+00:00,12.34994888305664,12.809008598327637,12.251700401306152,12.738323211669922,292274926,0.0,0.0,LINK
2024-07-13 00:00:00+00:00,12.738263130187988,13.103643417358398,12.71727466583252,13.021286964416504,215830414,0.0,0.0,LINK
2024-07-14 00:00:00+00:00,13.021419525146484,13.514665603637695,12.918180465698242,13.426870346069336,279400255,0.0,0.0,LINK
2024-07-15 00:00:00+00:00,13.428810119628906,14.483896255493164,13.423406600952148,14.422126770019531,373310473,0.0,0.0,LINK
2024-07-16 00:00:00+00:00,14.419722557067873,14.60416030883789,13.846369743347168,14.221345901489258,385605505,0.0,0.0,LINK
2024-07-17 00:00:00+00:00,14.221266746520996,14.497535705566406,13.745590209960938,13.754619598388672,309881695,0.0,0.0,LINK
2024-07-18 00:00:00+00:00,13.753578186035156,13.976606369018556,13.434306144714355,13.600837707519531,290769371,0.0,0.0,LINK
2024-07-19 00:00:00+00:00,13.600456237792969,14.13770866394043,13.38230800628662,14.075929641723633,305963751,0.0,0.0,LINK
2024-07-20 00:00:00+00:00,14.075899124145508,14.32972240447998,13.886573791503906,14.26817512512207,226135145,0.0,0.0,LINK
2024-07-21 00:00:00+00:00,14.26818561553955,15.000847816467283,13.98023796081543,14.806570053100586,395306788,0.0,0.0,LINK
2024-07-22 00:00:00+00:00,14.806427001953123,14.859349250793455,13.829578399658203,13.929006576538086,289965228,0.0,0.0,LINK
2024-07-23 00:00:00+00:00,13.929094314575195,14.139090538024902,13.541321754455566,13.919931411743164,269095937,0.0,0.0,LINK
2024-07-24 00:00:00+00:00,13.920039176940918,13.938982009887695,13.277823448181152,13.395511627197266,233124473,0.0,0.0,LINK
2024-07-25 00:00:00+00:00,13.395669937133787,13.437110900878906,12.503412246704102,12.946199417114258,301105500,0.0,0.0,LINK
2024-07-26 00:00:00+00:00,12.946199417114258,13.631189346313477,12.927762985229492,13.54045295715332,212601622,0.0,0.0,LINK
2024-07-27 00:00:00+00:00,13.54030418395996,13.869378089904783,13.318658828735352,13.567426681518556,231771370,0.0,0.0,LINK
2024-07-28 00:00:00+00:00,13.567426681518556,13.63514804840088,13.212786674499512,13.293225288391112,157751665,0.0,0.0,LINK
2024-07-29 00:00:00+00:00,13.293230056762695,13.889019966125488,13.29314422607422,13.543046951293944,255822065,0.0,0.0,LINK
2024-07-30 00:00:00+00:00,13.542949676513672,13.779858589172363,13.02108383178711,13.140531539916992,240565544,0.0,0.0,LINK
2024-07-31 00:00:00+00:00,13.140620231628418,13.37624168395996,12.789825439453123,12.82884693145752,239679257,0.0,0.0,LINK
2024-08-01 00:00:00+00:00,12.829081535339355,13.076332092285156,12.200796127319336,12.89976692199707,272062327,0.0,0.0,LINK
2024-08-02 00:00:00+00:00,12.899447441101074,12.916152954101562,11.787346839904783,11.917962074279783,314138916,0.0,0.0,LINK
2024-08-03 00:00:00+00:00,11.917908668518066,12.110445976257324,11.374035835266112,11.70133113861084,241776944,0.0,0.0,LINK
2024-08-04 00:00:00+00:00,11.70077896118164,11.762271881103516,10.534318923950195,10.871526718139648,278122991,0.0,0.0,LINK
2024-08-05 00:00:00+00:00,10.871435165405272,10.944942474365234,8.137648582458496,9.501569747924805,1142261467,0.0,0.0,LINK
2024-08-06 00:00:00+00:00,9.50144863128662,10.449228286743164,9.495055198669434,10.0545654296875,396728365,0.0,0.0,LINK
2024-08-07 00:00:00+00:00,10.054842948913574,10.4685640335083,9.45643711090088,9.48544216156006,302644187,0.0,0.0,LINK
2024-08-08 00:00:00+00:00,9.485437393188477,10.798641204833984,9.38975429534912,10.73647117614746,288589316,0.0,0.0,LINK
2024-08-09 00:00:00+00:00,10.736425399780272,10.744385719299316,10.180597305297852,10.548673629760742,212990056,0.0,0.0,LINK
2024-08-10 00:00:00+00:00,10.548673629760742,10.700221061706545,10.490249633789062,10.554250717163086,152251901,0.0,0.0,LINK
2024-08-11 00:00:00+00:00,10.554383277893066,10.826677322387695,9.977005958557127,10.008923530578612,180957481,0.0,0.0,LINK
2024-08-12 00:00:00+00:00,10.008916854858398,10.733485221862791,9.962285041809082,10.557686805725098,262337289,0.0,0.0,LINK
2024-08-13 00:00:00+00:00,10.55764389038086,10.67758846282959,10.121599197387695,10.576763153076172,217110440,0.0,0.0,LINK
2024-08-14 00:00:00+00:00,10.57681369781494,10.71323013305664,10.250441551208496,10.401407241821287,206092648,0.0,0.0,LINK
2024-08-15 00:00:00+00:00,10.401407241821287,10.680227279663086,10.01650333404541,10.173847198486328,229323491,0.0,0.0,LINK
2024-08-16 00:00:00+00:00,10.173847198486328,10.3893404006958,9.951396942138672,10.143065452575684,197406574,0.0,0.0,LINK
2024-08-17 00:00:00+00:00,10.143065452575684,10.168416023254396,10.048598289489746,10.150433540344238,115805727,0.0,0.0,LINK
2024-08-18 00:00:00+00:00,10.150433540344238,10.458497047424316,10.073819160461426,10.095947265625,152329338,0.0,0.0,LINK
2024-08-19 00:00:00+00:00,10.095891952514648,10.186885833740234,9.967269897460938,10.183764457702637,172655809,0.0,0.0,LINK
2024-08-20 00:00:00+00:00,10.184026718139648,10.536776542663574,10.067704200744627,10.245038986206056,189707066,0.0,0.0,LINK
2024-08-21 00:00:00+00:00,10.245125770568848,11.36696434020996,10.185591697692873,11.214466094970703,266210718,0.0,0.0,LINK
2024-08-22 00:00:00+00:00,11.214466094970703,11.608884811401367,11.186467170715332,11.467951774597168,242400239,0.0,0.0,LINK
2024-08-23 00:00:00+00:00,11.467951774597168,12.187732696533203,11.467907905578612,12.062475204467772,267007311,0.0,0.0,LINK
2024-08-24 00:00:00+00:00,12.062450408935549,12.535622596740724,11.922675132751465,12.347853660583496,208071001,0.0,0.0,LINK
2024-08-25 00:00:00+00:00,12.347844123840332,12.351366996765137,11.97705078125,12.108485221862791,208578445,0.0,0.0,LINK
2024-08-26 00:00:00+00:00,12.108505249023438,12.678086280822754,11.854799270629885,11.854799270629885,297094202,0.0,0.0,LINK
2024-08-27 00:00:00+00:00,11.854829788208008,12.044462203979492,10.96803379058838,11.170317649841309,265972965,0.0,0.0,LINK
2024-08-28 00:00:00+00:00,11.170317649841309,11.692720413208008,10.98044490814209,11.181870460510254,281750355,0.0,0.0,LINK
2024-08-29 00:00:00+00:00,11.18185806274414,11.452714920043944,10.847126960754396,10.937602996826172,192295246,0.0,0.0,LINK
2024-08-30 00:00:00+00:00,10.93757152557373,11.184162139892578,10.535093307495115,11.119160652160645,203280697,0.0,0.0,LINK
2024-08-31 00:00:00+00:00,11.119154930114746,11.194512367248535,10.961421966552734,11.024574279785156,111938448,0.0,0.0,LINK
2024-09-01 00:00:00+00:00,11.024554252624512,11.025275230407717,10.269527435302734,10.372398376464844,163852806,0.0,0.0,LINK
2024-09-02 00:00:00+00:00,10.372398376464844,10.811654090881348,10.34278678894043,10.761754989624023,165089220,0.0,0.0,LINK
2024-09-03 00:00:00+00:00,10.761734008789062,10.86128044128418,10.224671363830566,10.314515113830566,177508453,0.0,0.0,LINK
2024-09-04 00:00:00+00:00,10.314717292785645,10.485757827758787,9.946290969848633,10.335187911987305,230264779,0.0,0.0,LINK
2024-09-05 00:00:00+00:00,10.33518886566162,10.386664390563965,9.927684783935549,10.016019821166992,166788090,0.0,0.0,LINK
2024-09-06 00:00:00+00:00,10.016039848327637,10.171409606933594,9.337709426879885,9.575072288513184,275351521,0.0,0.0,LINK
2024-09-07 00:00:00+00:00,9.575072288513184,10.15163803100586,9.567692756652832,10.018677711486816,162278968,0.0,0.0,LINK
2024-09-08 00:00:00+00:00,10.018677711486816,10.445469856262209,9.98128604888916,10.335866928100586,161848162,0.0,0.0,LINK
2024-09-09 00:00:00+00:00,10.335866928100586,10.804430961608888,10.296896934509276,10.545119285583496,260723237,0.0,0.0,LINK
2024-09-10 00:00:00+00:00,10.544769287109377,10.711577415466309,10.352102279663086,10.597155570983888,186992740,0.0,0.0,LINK
2024-09-11 00:00:00+00:00,10.597155570983888,10.59736442565918,10.196114540100098,10.406829833984377,197449932,0.0,0.0,LINK
2024-09-12 00:00:00+00:00,10.406829833984377,10.797333717346191,10.400274276733398,10.786038398742676,175795054,0.0,0.0,LINK
2024-09-13 00:00:00+00:00,10.786038398742676,11.545028686523438,10.655502319335938,11.458701133728027,262157503,0.0,0.0,LINK
2024-09-14 00:00:00+00:00,11.458690643310549,11.469806671142578,11.259657859802246,11.297834396362305,135369032,0.0,0.0,LINK
2024-09-15 00:00:00+00:00,11.297843933105469,11.349872589111328,10.820045471191406,10.823186874389648,137514241,0.0,0.0,LINK
2024-09-16 00:00:00+00:00,10.823186874389648,10.823189735412598,10.42856502532959,10.554821014404297,202971092,0.0,0.0,LINK
2024-09-17 00:00:00+00:00,10.554814338684082,10.910009384155272,10.45042610168457,10.627530097961426,202234601,0.0,0.0,LINK
2024-09-18 00:00:00+00:00,10.627530097961426,10.853248596191406,10.308819770812988,10.853248596191406,227369163,0.0,0.0,LINK
2024-09-19 00:00:00+00:00,10.853318214416504,11.389837265014648,10.853318214416504,11.205124855041504,268298751,0.0,0.0,LINK
2024-09-20 00:00:00+00:00,11.205124855041504,11.725863456726074,11.136523246765137,11.426664352416992,264736260,0.0,0.0,LINK
2024-09-21 00:00:00+00:00,11.426664352416992,11.537297248840332,11.227472305297852,11.51356315612793,160550928,0.0,0.0,LINK
2024-09-22 00:00:00+00:00,11.513554573059082,11.53524684906006,10.874297142028809,11.132943153381348,184692439,0.0,0.0,LINK
2024-09-23 00:00:00+00:00,11.13288116455078,11.583003044128418,10.969532012939451,11.398932456970217,246653492,0.0,0.0,LINK
2024-09-24 00:00:00+00:00,11.398948669433594,12.217344284057615,11.217415809631348,12.162094116210938,307571799,0.0,0.0,LINK
2024-09-25 00:00:00+00:00,12.16183853149414,12.540008544921877,12.088472366333008,12.111525535583496,319449283,0.0,0.0,LINK
2024-09-26 00:00:00+00:00,12.111525535583496,12.727975845336914,11.896232604980469,12.551836967468262,356223097,0.0,0.0,LINK
2024-09-27 00:00:00+00:00,12.55159854888916,12.87065887451172,12.468423843383787,12.680974960327148,323611124,0.0,0.0,LINK
2024-09-28 00:00:00+00:00,12.680974960327148,12.961899757385254,12.408324241638184,12.943387985229492,269071613,0.0,0.0,LINK
2024-09-29 00:00:00+00:00,12.943346977233888,12.966425895690918,12.452469825744627,12.48232364654541,218137120,0.0,0.0,LINK
2024-09-30 00:00:00+00:00,12.48232364654541,12.48257541656494,11.782835006713867,11.85057258605957,274422925,0.0,0.0,LINK
2024-10-01 00:00:00+00:00,11.85063362121582,12.237958908081056,10.939773559570312,11.025396347045898,424150401,0.0,0.0,LINK
2024-10-02 00:00:00+00:00,11.025368690490724,11.299097061157228,10.494516372680664,10.662163734436035,368791526,0.0,0.0,LINK
2024-10-03 00:00:00+00:00,10.662192344665527,10.855036735534668,10.376425743103027,10.650412559509276,317041167,0.0,0.0,LINK
2024-10-04 00:00:00+00:00,10.650394439697266,11.22384262084961,10.612095832824709,11.06858253479004,253154369,0.0,0.0,LINK
2024-10-05 00:00:00+00:00,11.06858253479004,11.371917724609377,11.014540672302246,11.261728286743164,173569781,0.0,0.0,LINK
2024-10-06 00:00:00+00:00,11.261728286743164,11.382131576538086,11.169724464416504,11.276307106018066,190937920,0.0,0.0,LINK
2024-10-07 00:00:00+00:00,11.276803016662598,11.708335876464844,11.149279594421388,11.160425186157228,297457488,0.0,0.0,LINK
2024-10-08 00:00:00+00:00,11.160249710083008,11.27587604522705,10.802026748657228,10.825778007507324,247319378,0.0,0.0,LINK
2024-10-09 00:00:00+00:00,10.825807571411133,10.947110176086426,10.42487335205078,10.529767990112305,245132633,0.0,0.0,LINK
2024-10-10 00:00:00+00:00,10.52972412109375,10.716479301452637,10.271653175354004,10.538860321044922,241793671,0.0,0.0,LINK
2024-10-11 00:00:00+00:00,10.53884983062744,11.013775825500488,10.507064819335938,10.898591995239258,211372452,0.0,0.0,LINK
2024-10-12 00:00:00+00:00,10.898591995239258,11.131552696228027,10.847723960876465,11.0164155960083,179211166,0.0,0.0,LINK
2024-10-13 00:00:00+00:00,11.01634120941162,11.060730934143066,10.63666534423828,10.731656074523926,179090693,0.0,0.0,LINK
2024-10-14 00:00:00+00:00,10.731656074523926,11.311012268066406,10.615804672241213,11.26422119140625,260457834,0.0,0.0,LINK
2024-10-15 00:00:00+00:00,11.264203071594238,11.65633487701416,10.961629867553713,11.436711311340332,383457428,0.0,0.0,LINK
2024-10-16 00:00:00+00:00,11.436676025390623,11.50099754333496,11.093914985656738,11.238662719726562,228762428,0.0,0.0,LINK
2024-10-17 00:00:00+00:00,11.238662719726562,11.338802337646484,10.871143341064451,11.021685600280762,188551247,0.0,0.0,LINK
2024-10-18 00:00:00+00:00,11.02193546295166,11.487777709960938,10.987104415893556,11.477060317993164,205269384,0.0,0.0,LINK
2024-10-19 00:00:00+00:00,11.477060317993164,11.588594436645508,11.309085845947266,11.42170238494873,131526055,0.0,0.0,LINK
2024-10-20 00:00:00+00:00,11.42172145843506,12.01508331298828,11.29038143157959,11.96278953552246,203541679,0.0,0.0,LINK
2024-10-21 00:00:00+00:00,11.96278953552246,12.00901985168457,11.563398361206056,11.70938205718994,211544360,0.0,0.0,LINK
2024-10-22 00:00:00+00:00,11.70938205718994,12.306395530700684,11.624059677124023,11.966221809387209,336070700,0.0,0.0,LINK
2024-10-23 00:00:00+00:00,11.966221809387209,11.985514640808104,11.032395362854004,11.24693775177002,245788917,0.0,0.0,LINK
2024-10-24 00:00:00+00:00,11.326855659484863,11.62044620513916,11.230501174926758,11.59044075012207,201993438,0.0,0.0,LINK
2024-10-25 00:00:00+00:00,11.590865135192873,12.068778038024902,10.868555068969728,11.09341812133789,406106538,0.0,0.0,LINK
2024-10-26 00:00:00+00:00,11.093274116516112,11.362091064453123,10.834426879882812,11.00280475616455,251606285,0.0,0.0,LINK
2024-10-27 00:00:00+00:00,11.002785682678224,11.1443452835083,10.859156608581545,10.980671882629396,149703512,0.0,0.0,LINK
2024-10-28 00:00:00+00:00,10.980671882629396,11.216483116149902,10.723155975341797,11.178171157836914,248215951,0.0,0.0,LINK
2024-10-29 00:00:00+00:00,11.178133010864258,11.788113594055176,11.15477180480957,11.78810214996338,264676457,0.0,0.0,LINK
2024-10-30 00:00:00+00:00,11.788434028625488,12.433547973632812,11.682046890258787,12.394707679748535,324062861,0.0,0.0,LINK
2024-10-31 00:00:00+00:00,12.394707679748535,12.412105560302734,11.332402229309082,11.422245979309082,280885201,0.0,0.0,LINK
2024-11-01 00:00:00+00:00,11.422303199768066,11.701598167419434,11.182896614074709,11.265908241271973,305584671,0.0,0.0,LINK
2024-11-02 00:00:00+00:00,11.265892028808594,11.384263038635254,11.101263999938965,11.174641609191896,199878120,0.0,0.0,LINK
2024-11-03 00:00:00+00:00,11.174641609191896,11.214405059814451,10.537811279296877,10.764084815979004,279022372,0.0,0.0,LINK
2024-11-04 00:00:00+00:00,10.764057159423828,10.884852409362791,10.108696937561035,10.2481689453125,283380682,0.0,0.0,LINK
2024-11-05 00:00:00+00:00,10.2481689453125,10.921979904174805,10.2019681930542,10.842791557312012,245012518,0.0,0.0,LINK
2024-11-06 00:00:00+00:00,10.84281063079834,12.291268348693848,10.82515811920166,12.16852569580078,561632526,0.0,0.0,LINK
2024-11-07 00:00:00+00:00,12.168517112731934,12.677818298339844,12.090215682983398,12.606694221496582,418031721,0.0,0.0,LINK
2024-11-08 00:00:00+00:00,12.606698989868164,13.74239444732666,12.55181121826172,13.718581199645996,593832536,0.0,0.0,LINK
2024-11-09 00:00:00+00:00,13.71864128112793,13.804889678955078,13.310078620910645,13.762722969055176,399927256,0.0,0.0,LINK
2024-11-10 00:00:00+00:00,13.762983322143556,14.836310386657717,13.707151412963867,14.289252281188965,883029552,0.0,0.0,LINK
2024-11-11 00:00:00+00:00,14.289202690124512,14.903121948242188,13.672368049621582,14.895793914794922,920385060,0.0,0.0,LINK
2024-11-12 00:00:00+00:00,14.895793914794922,15.316909790039062,13.716687202453612,14.004612922668455,1120172988,0.0,0.0,LINK
2024-11-13 00:00:00+00:00,14.00414752960205,14.37111473083496,13.103652954101562,13.475764274597168,910258164,0.0,0.0,LINK
2024-11-14 00:00:00+00:00,13.47575855255127,13.812694549560549,12.856063842773438,12.971002578735352,689991231,0.0,0.0,LINK
2024-11-15 00:00:00+00:00,12.971158981323242,13.884851455688477,12.746133804321287,13.84998893737793,645867168,0.0,0.0,LINK
2024-11-16 00:00:00+00:00,13.824383735656738,14.770939826965332,13.76286506652832,14.526206016540527,756646648,0.0,0.0,LINK
2024-11-17 00:00:00+00:00,14.526206016540527,14.855191230773926,13.598990440368652,13.778284072875977,641164136,0.0,0.0,LINK
2024-11-18 00:00:00+00:00,13.778369903564451,15.96382999420166,13.777181625366213,15.22088623046875,1002271157,0.0,0.0,LINK
2024-11-19 00:00:00+00:00,15.220763206481934,15.404451370239258,14.480917930603027,14.646309852600098,618752857,0.0,0.0,LINK
2024-11-20 00:00:00+00:00,14.646294593811035,15.288311958312988,14.07448673248291,14.24710178375244,719119033,0.0,0.0,LINK
2024-11-21 00:00:00+00:00,14.247103691101074,15.36253833770752,13.879337310791016,14.908040046691896,781024436,0.0,0.0,LINK
2024-11-22 00:00:00+00:00,14.908306121826172,16.55234146118164,14.75843620300293,16.531856536865234,1153932720,0.0,0.0,LINK
2024-11-23 00:00:00+00:00,16.531831741333008,18.247535705566406,16.34809684753418,17.38550567626953,1521291265,0.0,0.0,LINK
2024-11-24 00:00:00+00:00,17.385408401489258,18.28588485717773,16.251710891723633,17.94485855102539,1141728333,0.0,0.0,LINK
2024-11-25 00:00:00+00:00,17.944644927978516,19.00322723388672,17.18935203552246,17.387096405029297,1289484781,0.0,0.0,LINK
2024-11-26 00:00:00+00:00,17.386852264404297,17.800683975219727,16.255496978759766,17.338844299316406,879962495,0.0,0.0,LINK
2024-11-27 00:00:00+00:00,17.338848114013672,18.97032356262207,17.021699905395508,18.696128845214844,946737979,0.0,0.0,LINK
2024-11-28 00:00:00+00:00,18.69670867919922,18.699745178222656,17.528181076049805,17.960947036743164,627681116,0.0,0.0,LINK
2024-11-29 00:00:00+00:00,17.96095085144043,18.383203506469727,17.555191040039062,18.2906436920166,522913952,0.0,0.0,LINK
2024-11-30 00:00:00+00:00,18.2898006439209,19.402557373046875,17.980148315429688,19.022661209106445,726534738,0.0,0.0,LINK
2024-12-01 00:00:00+00:00,19.022445678710938,19.075044631958008,18.47825813293457,18.889429092407227,638179234,0.0,0.0,LINK
2024-12-02 00:00:00+00:00,18.889631271362305,26.50433349609375,18.658784866333008,25.091211318969727,8935516000,0.0,0.0,LINK
2024-12-03 00:00:00+00:00,25.091636657714844,26.10818862915039,22.99172782897949,24.2171630859375,3344542573,0.0,0.0,LINK
2024-12-04 00:00:00+00:00,24.21832275390625,26.315021514892575,23.68952751159668,24.10514068603516,2233316427,0.0,0.0,LINK
2024-12-05 00:00:00+00:00,24.1053466796875,24.731903076171875,23.05158424377441,23.40096664428711,1655548492,0.0,0.0,LINK
2024-12-06 00:00:00+00:00,23.172365188598636,25.92329788208008,22.894182205200195,25.811050415039062,1464133424,0.0,0.0,LINK
2024-12-07 00:00:00+00:00,25.811050415039062,26.77125740051269,24.497116088867188,24.800466537475582,1206894646,0.0,0.0,LINK
2024-12-08 00:00:00+00:00,24.992809295654297,27.36673355102539,24.727243423461918,26.144575119018555,1667077604,0.0,0.0,LINK
2024-12-09 00:00:00+00:00,26.14444351196289,27.26143455505371,20.42302131652832,22.34653663635254,3032910891,0.0,0.0,LINK
2024-12-10 00:00:00+00:00,22.346227645874023,23.72846221923828,20.381397247314453,22.216991424560547,2284650070,0.0,0.0,LINK
2024-12-11 00:00:00+00:00,22.216453552246094,24.300079345703125,21.22257232666016,24.09305953979492,1251318584,0.0,0.0,LINK
2024-12-12 00:00:00+00:00,24.093076705932617,29.372716903686523,23.95908737182617,29.28685188293457,3621233210,0.0,0.0,LINK
2024-12-13 00:00:00+00:00,29.284948348999023,30.80512809753418,27.62576675415039,29.024141311645508,2694601058,0.0,0.0,LINK
2024-12-14 00:00:00+00:00,29.024141311645508,30.68814849853516,28.79515266418457,29.112491607666016,2225370019,0.0,0.0,LINK
2024-12-15 00:00:00+00:00,29.112117767333984,29.743661880493164,28.064306259155277,29.2235107421875,1417091998,0.0,0.0,LINK
2024-12-16 00:00:00+00:00,29.224504470825195,30.723875045776367,28.45172119140625,28.74418258666992,2177945359,0.0,0.0,LINK
2024-12-17 00:00:00+00:00,28.74418258666992,28.975662231445312,27.458477020263672,27.82374763488769,1448603677,0.0,0.0,LINK
2024-12-18 00:00:00+00:00,27.824840545654297,28.2781925201416,24.796968460083008,24.89114761352539,1830073362,0.0,0.0,LINK
2024-12-19 00:00:00+00:00,24.891292572021484,25.54539680480957,21.83685111999512,22.892488479614254,2183321673,0.0,0.0,LINK
2024-12-20 00:00:00+00:00,22.89216423034668,23.64106750488281,20.062328338623047,23.364501953125,2000689009,0.0,0.0,LINK
2024-12-21 00:00:00+00:00,23.364578247070312,24.886436462402344,21.84805679321289,22.12673759460449,1290476904,0.0,0.0,LINK
2024-12-22 00:00:00+00:00,22.126169204711918,22.685020446777344,21.375946044921875,22.04706573486328,760283071,0.0,0.0,LINK
2024-12-23 00:00:00+00:00,22.047758102416992,24.894193649291992,21.54749870300293,24.479013442993164,1418414647,0.0,0.0,LINK
2024-12-24 00:00:00+00:00,24.47906494140625,25.9332275390625,23.59199905395508,25.439577102661133,1325641262,0.0,0.0,LINK
2024-12-25 00:00:00+00:00,25.439491271972656,25.53032112121582,24.21030616760254,24.43116950988769,815332957,0.0,0.0,LINK
2024-12-26 00:00:00+00:00,24.430788040161133,24.64065361022949,22.4621639251709,22.65229034423828,756276597,0.0,0.0,LINK
2024-12-27 00:00:00+00:00,22.652193069458008,23.62131690979004,21.39748954772949,21.52909469604492,829602107,0.0,0.0,LINK
2024-12-28 00:00:00+00:00,21.52901077270508,22.28091049194336,21.05872344970703,21.96608161926269,729747342,0.0,0.0,LINK
2024-12-29 00:00:00+00:00,21.96608543395996,21.96608543395996,20.7754020690918,20.93878555297852,456858346,0.0,0.0,LINK
2024-12-30 00:00:00+00:00,20.938501358032227,21.73308563232422,20.104463577270508,20.583473205566406,728410628,0.0,0.0,LINK
2024-12-31 00:00:00+00:00,20.583101272583008,21.073659896850582,19.856895446777344,20.001365661621094,597468330,0.0,0.0,LINK
2025-01-01 00:00:00+00:00,20.001163482666016,21.77120018005371,19.70737838745117,21.67484474182129,670017230,0.0,0.0,LINK
2025-01-02 00:00:00+00:00,21.674785614013672,22.82936286926269,21.672687530517575,22.040437698364254,893194042,0.0,0.0,LINK
2025-01-03 00:00:00+00:00,22.03972625732422,23.855545043945312,21.691131591796875,23.39835548400879,902211829,0.0,0.0,LINK
2025-01-04 00:00:00+00:00,23.3984489440918,23.980871200561523,22.910024642944336,23.613359451293945,605411727,0.0,0.0,LINK
2025-01-05 00:00:00+00:00,23.61278343200684,23.77190971374512,22.90331077575684,23.63523292541504,503863576,0.0,0.0,LINK
2025-01-06 00:00:00+00:00,23.634838104248047,24.716794967651367,23.06023597717285,23.81981086730957,947119470,0.0,0.0,LINK
2025-01-07 00:00:00+00:00,23.820362091064453,23.83209609985352,21.26067924499512,21.39488410949707,982938164,0.0,0.0,LINK
2025-01-08 00:00:00+00:00,21.394777297973636,21.67677879333496,19.706830978393555,20.45516014099121,897360357,0.0,0.0,LINK
2025-01-09 00:00:00+00:00,20.455177307128903,20.698904037475582,19.206344604492188,19.645790100097656,722680069,0.0,0.0,LINK
2025-01-10 00:00:00+00:00,19.645750045776367,20.495519638061523,19.59135055541992,20.266521453857425,680376562,0.0,0.0,LINK
2025-01-11 00:00:00+00:00,20.266447067260746,20.66607666015625,19.85101318359375,20.192392349243164,382790796,0.0,0.0,LINK
2025-01-12 00:00:00+00:00,20.192604064941406,20.297443389892575,19.61302757263184,19.83733940124512,364944821,0.0,0.0,LINK
2025-01-13 00:00:00+00:00,19.83733940124512,20.37505149841309,17.954565048217773,19.361106872558597,883044871,0.0,0.0,LINK
2025-01-14 00:00:00+00:00,19.36130142211914,20.474609375,19.277204513549805,20.31008720397949,471632306,0.0,0.0,LINK
2025-01-15 00:00:00+00:00,20.310041427612305,22.12666130065918,20.12194061279297,22.114240646362305,771864744,0.0,0.0,LINK
2025-01-16 00:00:00+00:00,22.1141414642334,23.7116641998291,21.343748092651367,23.005603790283203,985313277,0.0,0.0,LINK
2025-01-17 00:00:00+00:00,23.005523681640625,25.198850631713867,23.004961013793945,25.112716674804688,830368719,0.0,0.0,LINK
2025-01-18 00:00:00+00:00,25.112756729125977,25.61128807067871,23.414684295654297,24.112377166748047,985292868,0.0,0.0,LINK
2025-01-19 00:00:00+00:00,24.11290168762207,26.564298629760746,22.2674560546875,24.2492733001709,2207793074,0.0,0.0,LINK
2025-01-20 00:00:00+00:00,24.2491512298584,26.791934967041016,23.4840145111084,25.068965911865234,2772617759,0.0,0.0,LINK
2025-01-21 00:00:00+00:00,25.06887626647949,27.02636337280273,23.723478317260746,26.594463348388672,1503292294,0.0,0.0,LINK
2025-01-22 00:00:00+00:00,26.595422744750977,27.01178741455078,25.231618881225582,25.2911434173584,682045028,0.0,0.0,LINK
2025-01-23 00:00:00+00:00,25.290746688842773,26.09185028076172,24.02610206604004,25.655147552490234,1122706692,0.0,0.0,LINK
2025-01-24 00:00:00+00:00,25.654977798461918,26.382143020629883,24.96661376953125,25.189668655395508,753379589,0.0,0.0,LINK
2025-01-25 00:00:00+00:00,25.189733505249023,25.392475128173828,24.753358840942383,24.92470932006836,432619000,0.0,0.0,LINK
2025-01-26 00:00:00+00:00,24.92491912841797,26.35795783996582,24.898754119873047,24.91171264648437,559922551,0.0,0.0,LINK
2025-01-27 00:00:00+00:00,24.9117431640625,25.08004379272461,22.23539352416992,24.14933967590332,1167837939,0.0,0.0,LINK
2025-01-28 00:00:00+00:00,24.14975357055664,24.623937606811523,22.415651321411133,22.615997314453125,620292730,0.0,0.0,LINK
2025-01-29 00:00:00+00:00,22.615798950195312,24.423309326171875,22.37776756286621,23.62223243713379,742845725,0.0,0.0,LINK
2025-01-30 00:00:00+00:00,23.62286758422852,25.159801483154297,23.471900939941406,24.47380828857422,592604517,0.0,0.0,LINK
2025-01-31 00:00:00+00:00,24.473424911499023,26.26375770568848,24.18324851989746,25.148338317871094,778500220,0.0,0.0,LINK
2025-02-01 00:00:00+00:00,25.14853286743164,25.9173641204834,22.836584091186523,23.048158645629883,634426010,0.0,0.0,LINK
2025-02-02 00:00:00+00:00,23.048139572143555,23.294618606567383,19.59543228149414,20.42749786376953,1251773899,0.0,0.0,LINK
2025-02-03 00:00:00+00:00,20.42834854125977,21.977678298950195,16.348777770996094,21.643274307250977,2756991354,0.0,0.0,LINK
2025-02-04 00:00:00+00:00,21.64341735839844,21.690210342407227,19.37116432189941,20.0632381439209,1048262867,0.0,0.0,LINK
2025-02-05 00:00:00+00:00,20.063220977783203,20.2470645904541,19.02874565124512,19.204370498657227,624337905,0.0,0.0,LINK
2025-02-06 00:00:00+00:00,19.20414352416992,19.890478134155277,18.489131927490234,18.59428596496582,523730063,0.0,0.0,LINK
2025-02-07 00:00:00+00:00,18.594465255737305,19.787992477416992,17.839513778686523,18.386972427368164,604860660,0.0,0.0,LINK
2025-02-08 00:00:00+00:00,18.38692855834961,18.581850051879883,17.926759719848633,18.464569091796875,311371217,0.0,0.0,LINK
2025-02-09 00:00:00+00:00,18.46430778503418,18.966943740844727,17.4949893951416,18.30515480041504,402859007,0.0,0.0,LINK
2025-02-10 00:00:00+00:00,18.304838180541992,19.09098052978516,17.722257614135742,18.76614570617676,427544711,0.0,0.0,LINK
2025-02-11 00:00:00+00:00,18.76642227172852,19.76460838317871,18.31439208984375,18.64230155944824,495570806,0.0,0.0,LINK
2025-02-12 00:00:00+00:00,18.642303466796875,19.44901466369629,17.807748794555664,19.180673599243164,613343794,0.0,0.0,LINK
2025-02-13 00:00:00+00:00,19.181020736694336,19.31436920166016,18.243806838989254,18.55894088745117,371819159,0.0,0.0,LINK
2025-02-14 00:00:00+00:00,18.558338165283203,19.812788009643555,18.484304428100582,19.41437530517578,444394414,0.0,0.0,LINK
2025-02-15 00:00:00+00:00,19.41385269165039,19.63015556335449,18.77332878112793,18.98305892944336,279323677,0.0,0.0,LINK
2025-02-16 00:00:00+00:00,18.983190536499023,19.23417091369629,18.62324523925781,18.70529556274414,271286026,0.0,0.0,LINK
2025-02-17 00:00:00+00:00,18.705150604248047,19.77117347717285,18.504398345947266,19.09989547729492,501421048,0.0,0.0,LINK
2025-02-18 00:00:00+00:00,19.099872589111328,19.171762466430664,17.315549850463867,17.83260726928711,546007440,0.0,0.0,LINK
2025-02-19 00:00:00+00:00,17.832786560058594,18.150611877441406,17.482805252075195,17.978578567504883,361053756,0.0,0.0,LINK
2025-02-20 00:00:00+00:00,17.978527069091797,18.442869186401367,17.85224723815918,18.29874420166016,399718267,0.0,0.0,LINK
2025-02-21 00:00:00+00:00,18.29822540283203,19.02232551574707,17.143821716308594,17.39421272277832,670200126,0.0,0.0,LINK
2025-02-22 00:00:00+00:00,17.39421272277832,18.015968322753903,17.35405158996582,17.76429557800293,326060251,0.0,0.0,LINK
2025-02-23 00:00:00+00:00,17.7639102935791,18.118183135986328,17.454648971557617,17.6387882232666,260701498,0.0,0.0,LINK
2025-02-24 00:00:00+00:00,17.637786865234375,17.723520278930664,15.196682929992676,15.247294425964355,658369317,0.0,0.0,LINK
2025-02-25 00:00:00+00:00,15.247688293457031,15.542108535766602,14.164986610412598,15.29446029663086,1116730684,0.0,0.0,LINK
2025-02-26 00:00:00+00:00,15.29464626312256,15.6930513381958,14.721742630004885,15.207539558410645,664108244,0.0,0.0,LINK
2025-02-27 00:00:00+00:00,15.207530975341797,15.73945140838623,14.809857368469238,15.106882095336914,362959025,0.0,0.0,LINK
2025-02-28 00:00:00+00:00,15.10644245147705,15.140673637390137,13.476812362670898,14.81668758392334,638932904,0.0,0.0,LINK
2025-03-01 00:00:00+00:00,14.81674575805664,15.121204376220703,14.244669914245604,14.788805961608888,315668142,0.0,0.0,LINK
2025-03-02 00:00:00+00:00,14.788805961608888,17.450847625732422,14.444910049438477,17.41300392150879,852155445,0.0,0.0,LINK
2025-03-03 00:00:00+00:00,17.41324234008789,17.422916412353516,14.418973922729492,14.450200080871582,750905984,0.0,0.0,LINK
2025-03-04 00:00:00+00:00,14.450187683105469,15.289105415344238,13.172624588012695,14.875398635864258,855095310,0.0,0.0,LINK
2025-03-05 00:00:00+00:00,14.875064849853516,16.56216812133789,14.658366203308104,16.462270736694336,868379407,0.0,0.0,LINK
2025-03-06 00:00:00+00:00,16.462299346923828,17.621931076049805,16.413612365722656,17.070051193237305,1078605152,0.0,0.0,LINK
2025-03-07 00:00:00+00:00,17.07008171081543,17.469846725463867,15.782978057861328,15.93885898590088,1180712381,0.0,0.0,LINK
2025-03-08 00:00:00+00:00,15.93886661529541,15.997062683105469,15.156147003173828,15.251073837280272,425972812,0.0,0.0,LINK
2025-03-09 00:00:00+00:00,15.25107192993164,15.33595371246338,13.65831184387207,13.77341079711914,472696909,0.0,0.0,LINK
2025-03-10 00:00:00+00:00,13.77341079711914,14.512513160705566,12.474601745605469,12.69313907623291,728406483,0.0,0.0,LINK
2025-03-11 00:00:00+00:00,12.692466735839844,13.622076034545898,11.94257926940918,13.099883079528809,816961576,0.0,0.0,LINK
2025-03-12 00:00:00+00:00,13.099726676940918,13.773078918457031,12.667600631713867,13.482376098632812,583352599,0.0,0.0,LINK
2025-03-13 00:00:00+00:00,13.482376098632812,13.54189109802246,12.741003036499023,13.027454376220703,364752318,0.0,0.0,LINK
2025-03-14 00:00:00+00:00,13.027454376220703,14.650102615356444,13.01618480682373,13.679569244384766,987360764,0.0,0.0,LINK
2025-03-15 00:00:00+00:00,13.678984642028809,14.227458953857422,13.668221473693848,14.03782081604004,322037634,0.0,0.0,LINK
2025-03-16 00:00:00+00:00,14.03771686553955,14.165285110473633,13.240715026855469,13.371051788330078,285275119,0.0,0.0,LINK
2025-03-17 00:00:00+00:00,13.37088108062744,14.21088695526123,13.365700721740724,14.035404205322266,341264522,0.0,0.0,LINK
2025-03-18 00:00:00+00:00,14.035332679748535,14.223532676696776,13.499043464660645,13.92329216003418,324927311,0.0,0.0,LINK
2025-03-19 00:00:00+00:00,13.92329216003418,15.018282890319824,13.794672966003418,15.012786865234377,522294649,0.0,0.0,LINK
2025-03-20 00:00:00+00:00,15.014127731323242,15.105804443359377,14.104474067687988,14.215102195739746,323567352,0.0,0.0,LINK
2025-03-21 00:00:00+00:00,14.21510124206543,14.37282657623291,13.847296714782717,13.95905876159668,221482760,0.0,0.0,LINK
2025-03-22 00:00:00+00:00,13.9591646194458,14.485215187072754,13.949766159057615,14.22672176361084,193855290,0.0,0.0,LINK
2025-03-23 00:00:00+00:00,14.226696968078612,14.470629692077637,14.226696968078612,14.43568992614746,219487165,0.0,0.0,LINK
2025-03-24 00:00:00+00:00,14.435345649719238,15.32787799835205,14.180116653442385,15.08921241760254,412387400,0.0,0.0,LINK
2025-03-25 00:00:00+00:00,15.08984661102295,15.582963943481444,14.894515991210938,15.455079078674316,325368585,0.0,0.0,LINK
2025-03-26 00:00:00+00:00,15.456178665161133,15.990032196044922,14.98615837097168,15.259174346923828,371764957,0.0,0.0,LINK
2025-03-27 00:00:00+00:00,15.258923530578612,15.771846771240234,15.19495677947998,15.507801055908203,337839460,0.0,0.0,LINK
2025-03-28 00:00:00+00:00,15.507880210876465,15.561384201049805,14.030012130737305,14.244855880737305,395430631,0.0,0.0,LINK
2025-03-29 00:00:00+00:00,14.244378089904783,14.391704559326172,13.403438568115234,13.54598903656006,264280829,0.0,0.0,LINK
2025-03-30 00:00:00+00:00,13.545899391174316,13.84270191192627,13.225685119628906,13.38730812072754,237053891,0.0,0.0,LINK
2025-03-31 00:00:00+00:00,13.387336730957031,13.69515609741211,12.989530563354492,13.512476921081545,315365161,0.0,0.0,LINK
2025-04-01 00:00:00+00:00,13.512476921081545,14.367353439331056,13.5032377243042,14.042898178100586,326570058,0.0,0.0,LINK
2025-04-02 00:00:00+00:00,14.042898178100586,14.283526420593262,12.833842277526855,12.934548377990724,644842107,0.0,0.0,LINK
2025-04-03 00:00:00+00:00,12.934733390808104,13.295575141906738,12.329806327819824,12.87901210784912,486341955,0.0,0.0,LINK
2025-04-04 00:00:00+00:00,12.878987312316896,13.170368194580078,12.390082359313965,12.934565544128418,459540540,0.0,0.0,LINK
2025-04-05 00:00:00+00:00,12.934462547302246,13.031200408935549,12.58227825164795,12.846267700195312,178210090,0.0,0.0,LINK
2025-04-06 00:00:00+00:00,12.84622287750244,12.929146766662598,11.027206420898438,11.25341510772705,399832301,0.0,0.0,LINK
2025-04-07 00:00:00+00:00,11.25341510772705,11.788345336914062,10.19619369506836,11.451340675354004,955842354,0.0,0.0,LINK
2025-04-08 00:00:00+00:00,11.451391220092772,11.844194412231444,10.809950828552246,10.9085111618042,419471778,0.0,0.0,LINK
2025-04-09 00:00:00+00:00,10.90865707397461,12.800328254699709,10.47804069519043,12.657184600830078,761221440,0.0,0.0,LINK
2025-04-10 00:00:00+00:00,12.65727710723877,12.65727710723877,11.726917266845703,12.07532024383545,396656016,0.0,0.0,LINK
2025-04-11 00:00:00+00:00,12.075382232666016,12.872617721557615,12.038867950439451,12.661982536315918,334568981,0.0,0.0,LINK
2025-04-12 00:00:00+00:00,12.661953926086426,13.26894760131836,12.481487274169922,13.14665985107422,261308485,0.0,0.0,LINK
2025-04-13 00:00:00+00:00,13.14670181274414,13.20571231842041,12.480043411254885,12.6239013671875,297272524,0.0,0.0,LINK
2025-04-14 00:00:00+00:00,12.623799324035645,13.22470474243164,12.59218978881836,12.622772216796877,315378129,0.0,0.0,LINK
2025-04-15 00:00:00+00:00,12.62307834625244,12.805367469787598,12.230387687683104,12.235984802246094,306887087,0.0,0.0,LINK
2025-04-16 00:00:00+00:00,12.23603630065918,12.510177612304688,11.96965503692627,12.357337951660156,297247643,0.0,0.0,LINK
2025-04-17 00:00:00+00:00,12.357084274291992,12.69065284729004,12.218425750732422,12.517427444458008,244865843,0.0,0.0,LINK
2025-04-18 00:00:00+00:00,12.517548561096191,12.707058906555176,12.416664123535156,12.562503814697266,158967314,0.0,0.0,LINK
2025-04-19 00:00:00+00:00,12.562503814697266,13.027256965637209,12.546541213989258,12.937108039855955,161547702,0.0,0.0,LINK
2025-04-20 00:00:00+00:00,12.936899185180664,13.567761421203612,12.888043403625488,13.27574634552002,254348045,0.0,0.0,LINK
2025-04-21 00:00:00+00:00,13.27574634552002,13.68026065826416,12.997052192687988,13.106670379638672,305016868,0.0,0.0,LINK
2025-04-22 00:00:00+00:00,13.106579780578612,14.15064811706543,12.95560073852539,14.139148712158203,427134691,0.0,0.0,LINK
2025-04-23 00:00:00+00:00,14.138943672180176,15.226228713989258,14.043895721435549,15.005440711975098,542540507,0.0,0.0,LINK
2025-04-24 00:00:00+00:00,15.00546646118164,15.111536979675291,14.183257102966309,15.044060707092283,420514365,0.0,0.0,LINK
2025-04-25 00:00:00+00:00,15.044149398803713,15.339580535888672,14.737112998962402,14.929082870483398,437349649,0.0,0.0,LINK
2025-04-26 00:00:00+00:00,14.929201126098633,15.24086093902588,14.727187156677246,14.875073432922363,266073846,0.0,0.0,LINK
2025-04-27 00:00:00+00:00,14.875176429748535,15.07209014892578,14.42035961151123,14.588580131530762,274127467,0.0,0.0,LINK
2025-04-28 00:00:00+00:00,14.588236808776855,15.098552703857422,14.286677360534668,15.01733112335205,379268687,0.0,0.0,LINK
2025-04-29 00:00:00+00:00,15.017324447631836,15.224578857421877,14.501120567321776,14.613898277282717,299723458,0.0,0.0,LINK
2025-04-30 00:00:00+00:00,14.613883018493652,14.732857704162598,13.885998725891112,14.29294204711914,286969867,0.0,0.0,LINK
2025-05-01 00:00:00+00:00,14.2930269241333,15.02629280090332,14.29261302947998,14.75207805633545,323454941,0.0,0.0,LINK
2025-05-02 00:00:00+00:00,14.75255012512207,15.011055946350098,14.53016185760498,14.6611967086792,309929654,0.0,0.0,LINK
2025-05-03 00:00:00+00:00,14.661189079284668,14.665719032287598,14.20769500732422,14.260993003845217,201628037,0.0,0.0,LINK
2025-05-04 00:00:00+00:00,14.260686874389648,14.35496425628662,13.8451509475708,13.859743118286133,191482386,0.0,0.0,LINK
2025-05-05 00:00:00+00:00,13.859807014465332,14.154820442199709,13.50048828125,13.646458625793455,275507863,0.0,0.0,LINK
2025-05-06 00:00:00+00:00,13.646458625793455,13.873090744018556,13.222562789916992,13.830133438110352,264140161,0.0,0.0,LINK
2025-05-07 00:00:00+00:00,13.82993984222412,14.067219734191896,13.488747596740724,13.819287300109863,247032743,0.0,0.0,LINK
2025-05-08 00:00:00+00:00,13.818178176879885,15.93652629852295,13.81813907623291,15.849824905395508,618036599,0.0,0.0,LINK
2025-05-09 00:00:00+00:00,15.849909782409668,16.691730499267578,15.60124683380127,16.011110305786133,751144767,0.0,0.0,LINK
2025-05-10 00:00:00+00:00,16.011335372924805,17.42261505126953,15.897950172424316,17.34076690673828,620129218,0.0,0.0,LINK
2025-05-11 00:00:00+00:00,17.340391159057617,17.36441421508789,16.336931228637695,17.063989639282227,591163726,0.0,0.0,LINK
2025-05-12 00:00:00+00:00,17.064071655273438,17.892364501953125,16.158239364624023,16.732389450073242,790304801,0.0,0.0,LINK
2025-05-13 00:00:00+00:00,16.732389450073242,17.78870964050293,16.076160430908203,17.432764053344727,644300503,0.0,0.0,LINK
2025-05-14 00:00:00+00:00,17.43267250061035,17.49659538269043,16.71763801574707,17.01301383972168,493123628,0.0,0.0,LINK
2025-05-15 00:00:00+00:00,17.013023376464844,17.18041229248047,15.732940673828123,16.003477096557617,558670360,0.0,0.0,LINK
2025-05-16 00:00:00+00:00,16.004150390625,16.494943618774414,15.648833274841309,15.755204200744627,397263663,0.0,0.0,LINK
2025-05-17 00:00:00+00:00,15.755104064941406,15.760971069335938,15.115089416503906,15.320246696472168,358580958,0.0,0.0,LINK
2025-05-18 00:00:00+00:00,15.320459365844728,16.363126754760742,15.041558265686035,15.922525405883787,502277058,0.0,0.0,LINK
2025-05-19 00:00:00+00:00,15.922525405883787,15.960365295410156,14.870426177978516,15.799415588378906,538027678,0.0,0.0,LINK
2025-05-20 00:00:00+00:00,15.79931354522705,16.379098892211914,15.267698287963867,15.6917085647583,528975136,0.0,0.0,LINK
2025-05-21 00:00:00+00:00,15.6917085647583,16.457889556884766,15.57288932800293,16.12407684326172,718788922,0.0,0.0,LINK
2025-05-22 00:00:00+00:00,16.12419891357422,16.87770652770996,16.074617385864258,16.736061096191406,604067032,0.0,0.0,LINK
2025-05-23 00:00:00+00:00,16.735530853271484,17.137393951416016,15.459900856018066,15.521185874938965,733081164,0.0,0.0,LINK
2025-05-24 00:00:00+00:00,15.521185874938965,15.8966646194458,15.26587963104248,15.355583190917969,324600216,0.0,0.0,LINK
2025-05-25 00:00:00+00:00,15.355573654174805,15.547592163085938,14.90377426147461,15.526289939880373,308484013,0.0,0.0,LINK
2025-05-26 00:00:00+00:00,15.526289939880373,15.93619155883789,15.439311027526855,15.527997970581056,322257921,0.0,0.0,LINK
2025-05-27 00:00:00+00:00,15.527997970581056,16.110109329223633,15.195240020751951,15.918099403381348,361520447,0.0,0.0,LINK
2025-05-28 00:00:00+00:00,15.917821884155272,16.13788414001465,15.327399253845217,15.665416717529297,327643278,0.0,0.0,LINK
2025-05-29 00:00:00+00:00,15.665864944458008,16.175519943237305,15.038724899291992,15.040348052978516,479661352,0.0,0.0,LINK
2025-05-30 00:00:00+00:00,15.04033660888672,15.107035636901855,13.87475299835205,13.899076461791992,693319716,0.0,0.0,LINK
2025-05-31 00:00:00+00:00,13.89899730682373,14.178274154663086,13.446073532104492,13.976826667785645,438698223,0.0,0.0,LINK
2025-06-01 00:00:00+00:00,13.976844787597656,14.119718551635742,13.632993698120115,14.062182426452637,274486723,0.0,0.0,LINK
2025-06-02 00:00:00+00:00,14.062182426452637,14.111964225769045,13.61818027496338,14.092877388000488,283219559,0.0,0.0,LINK
2025-06-03 00:00:00+00:00,14.092881202697754,14.425639152526855,14.017438888549805,14.115714073181152,344059775,0.0,0.0,LINK
2025-06-04 00:00:00+00:00,14.115657806396484,14.464346885681152,13.751371383666992,13.850793838500977,249133779,0.0,0.0,LINK
2025-06-05 00:00:00+00:00,13.850838661193848,14.031489372253418,12.68183708190918,12.922351837158203,438765014,0.0,0.0,LINK
2025-06-06 00:00:00+00:00,12.922356605529783,13.638745307922363,12.87864112854004,13.581302642822266,338081573,0.0,0.0,LINK
2025-06-07 00:00:00+00:00,13.58131504058838,14.082703590393066,13.510598182678224,13.836443901062012,234471484,0.0,0.0,LINK
2025-06-08 00:00:00+00:00,13.836423873901367,13.963918685913086,13.578298568725586,13.717120170593262,181386799,0.0,0.0,LINK
2025-06-09 00:00:00+00:00,13.717023849487305,14.385820388793944,13.56507682800293,14.361599922180176,276022760,0.0,0.0,LINK
2025-06-10 00:00:00+00:00,14.361599922180176,15.492620468139648,14.34074878692627,15.42764377593994,564367410,0.0,0.0,LINK
2025-06-11 00:00:00+00:00,15.427742004394531,15.64050579071045,14.798277854919434,14.90967082977295,513745332,0.0,0.0,LINK
2025-06-12 00:00:00+00:00,14.90967082977295,14.91075325012207,13.870741844177246,14.025967597961426,476641270,0.0,0.0,LINK
2025-06-13 00:00:00+00:00,14.026015281677246,14.026015281677246,12.81378936767578,13.436464309692385,672406626,0.0,0.0,LINK
2025-06-14 00:00:00+00:00,13.436620712280272,13.443733215332031,12.871607780456545,13.166606903076172,226563235,0.0,0.0,LINK
2025-06-15 00:00:00+00:00,13.166620254516602,13.314410209655762,13.014958381652832,13.296910285949709,195955927,0.0,0.0,LINK
2025-06-16 00:00:00+00:00,13.296910285949709,14.14445972442627,13.194231986999512,13.574793815612791,371019927,0.0,0.0,LINK
2025-06-17 00:00:00+00:00,13.574804306030272,13.765875816345217,12.837238311767578,13.007805824279783,466749364,0.0,0.0,LINK
2025-06-18 00:00:00+00:00,13.007871627807615,13.213550567626951,12.657727241516112,13.103866577148438,357135409,0.0,0.0,LINK
2025-06-19 00:00:00+00:00,13.103774070739746,13.362924575805664,12.933841705322266,13.074892044067385,290807257,0.0,0.0,LINK
2025-06-20 00:00:00+00:00,13.07491970062256,13.270346641540527,12.327030181884766,12.51447582244873,358060222,0.0,0.0,LINK
2025-06-21 00:00:00+00:00,12.51447582244873,12.726534843444824,11.776225090026855,11.985239028930664,322141364,0.0,0.0,LINK
2025-06-22 00:00:00+00:00,11.986448287963867,12.166029930114746,11.0082368850708,11.652458190917969,626649288,0.0,0.0,LINK
2025-06-23 00:00:00+00:00,11.652578353881836,12.91619873046875,11.455294609069824,12.874313354492188,544556269,0.0,0.0,LINK
2025-06-24 00:00:00+00:00,12.87442111968994,13.722312927246094,12.812163352966309,13.408498764038086,570667319,0.0,0.0,LINK
2025-06-25 00:00:00+00:00,13.40908432006836,13.489498138427734,13.015178680419922,13.136893272399902,379871936,0.0,0.0,LINK
2025-06-26 00:00:00+00:00,13.136893272399902,13.537347793579102,12.906155586242676,12.929868698120115,309442233,0.0,0.0,LINK
2025-06-27 00:00:00+00:00,12.929862022399902,13.204341888427734,12.75594711303711,13.060314178466797,262161395,0.0,0.0,LINK
2025-06-28 00:00:00+00:00,13.060050964355469,13.439176559448242,13.01707935333252,13.39917278289795,190754304,0.0,0.0,LINK
2025-06-29 00:00:00+00:00,13.39918327331543,13.837636947631836,13.257943153381348,13.725419998168944,234924590,0.0,0.0,LINK
2025-06-30 00:00:00+00:00,13.725419998168944,13.740310668945312,13.1399507522583,13.38076400756836,370047007,0.0,0.0,LINK
2025-07-01 00:00:00+00:00,13.380266189575195,13.420132637023926,12.81210708618164,12.896029472351074,275498720,0.0,0.0,LINK
2025-07-02 00:00:00+00:00,12.89601993560791,13.838497161865234,12.7755765914917,13.559239387512209,439521701,0.0,0.0,LINK
2025-07-03 00:00:00+00:00,13.559228897094728,14.028029441833496,13.450904846191406,13.668498992919922,435068408,0.0,0.0,LINK
2025-07-04 00:00:00+00:00,13.668498992919922,13.757813453674316,12.968308448791504,13.169758796691896,316984914,0.0,0.0,LINK
2025-07-05 00:00:00+00:00,13.169702529907228,13.263463973999023,13.017115592956545,13.229538917541504,153310516,0.0,0.0,LINK
2025-07-06 00:00:00+00:00,13.22953987121582,13.680948257446287,13.115331649780272,13.494132041931152,221744747,0.0,0.0,LINK
2025-07-07 00:00:00+00:00,13.49415111541748,13.68270778656006,13.26576328277588,13.428613662719728,297875545,0.0,0.0,LINK
2025-07-08 00:00:00+00:00,13.428586959838867,13.980143547058104,13.208902359008787,13.96792984008789,321781054,0.0,0.0,LINK
2025-07-09 00:00:00+00:00,13.96792984008789,14.354907035827637,13.824827194213867,14.253814697265623,501444137,0.0,0.0,LINK
2025-07-10 00:00:00+00:00,14.253814697265623,15.321435928344728,14.162206649780272,15.239021301269531,582819496,0.0,0.0,LINK
2025-07-11 00:00:00+00:00,15.238970756530762,15.834834098815918,15.06379222869873,15.298432350158691,803097126,0.0,0.0,LINK
2025-07-12 00:00:00+00:00,15.298432350158691,15.466806411743164,14.732000350952148,15.09860897064209,374446370,0.0,0.0,LINK
2025-07-13 00:00:00+00:00,15.09860897064209,15.9246826171875,15.06334114074707,15.646004676818848,458285505,0.0,0.0,LINK
2025-07-14 00:00:00+00:00,15.646004676818848,16.420507431030273,15.633966445922852,15.777632713317873,746693598,0.0,0.0,LINK
2025-07-15 00:00:00+00:00,15.777676582336426,16.154226303100586,15.177321434020996,16.092302322387695,739042029,0.0,0.0,LINK
2025-07-16 00:00:00+00:00,16.093048095703125,17.0117130279541,15.83807373046875,16.674169540405273,904010866,0.0,0.0,LINK
2025-07-17 00:00:00+00:00,16.674169540405273,18.054662704467773,16.355257034301758,17.997987747192383,977566814,0.0,0.0,LINK
2025-07-18 00:00:00+00:00,17.997425079345703,19.080799102783203,17.382516860961914,17.843006134033203,1445759901,0.0,0.0,LINK
2025-07-19 00:00:00+00:00,17.842519760131836,18.539112091064453,17.597972869873047,18.41661834716797,629040826,0.0,0.0,LINK
2025-07-20 00:00:00+00:00,18.416608810424805,19.78963851928711,18.345531463623047,19.30514907836914,1153258010,0.0,0.0,LINK
2025-07-21 00:00:00+00:00,19.30514907836914,20.235979080200195,19.04391288757324,19.532302856445312,1064166148,0.0,0.0,LINK
2025-07-22 00:00:00+00:00,19.532302856445312,19.93516540527344,18.673250198364254,19.663110733032227,1085236698,0.0,0.0,LINK
2025-07-23 00:00:00+00:00,19.66313934326172,19.691198348999023,17.600730895996094,18.185083389282227,924309700,0.0,0.0,LINK
2025-07-24 00:00:00+00:00,18.184709548950195,18.65234375,17.221303939819336,17.907915115356445,800891414,0.0,0.0,LINK
2025-07-25 00:00:00+00:00,17.907915115356445,18.45374870300293,17.331472396850586,18.29102325439453,780433456,0.0,0.0,LINK
2025-07-26 00:00:00+00:00,18.29089736938477,18.570951461791992,18.19313621520996,18.406492233276367,455030721,0.0,0.0,LINK
2025-07-27 00:00:00+00:00,18.406496047973636,19.27501106262207,18.378137588500977,19.234554290771484,590595857,0.0,0.0,LINK
2025-07-28 00:00:00+00:00,19.234678268432617,19.541828155517575,18.025259017944336,18.037017822265625,675519833,0.0,0.0,LINK
2025-07-29 00:00:00+00:00,18.03728485107422,18.609115600585938,17.509807586669922,17.822280883789062,664415032,0.0,0.0,LINK
2025-07-30 00:00:00+00:00,17.822280883789062,17.91929054260254,16.885568618774414,17.715185165405273,616970187,0.0,0.0,LINK
2025-07-31 00:00:00+00:00,17.7152156829834,18.21406936645508,16.890682220458984,16.955446243286133,605981043,0.0,0.0,LINK
2025-08-01 00:00:00+00:00,16.954233169555664,17.014402389526367,15.758098602294922,16.101533889770508,1036914835,0.0,0.0,LINK
2025-08-02 00:00:00+00:00,16.10142707824707,16.236696243286133,15.46423053741455,15.651691436767578,495759864,0.0,0.0,LINK
2025-08-03 00:00:00+00:00,15.651691436767578,16.35841941833496,15.521000862121582,16.299955368041992,316398400,0.0,0.0,LINK
2025-08-04 00:00:00+00:00,16.299997329711914,17.181243896484375,16.286441802978516,17.103120803833008,486662113,0.0,0.0,LINK
2025-08-05 00:00:00+00:00,17.10308074951172,17.109827041625977,16.108394622802734,16.38486671447754,556612821,0.0,0.0,LINK
2025-08-06 00:00:00+00:00,16.385103225708008,16.884077072143555,16.060617446899414,16.68630599975586,358947457,0.0,0.0,LINK
2025-08-07 00:00:00+00:00,16.686296463012695,18.483678817749023,16.599483489990234,18.46993637084961,894383315,0.0,0.0,LINK
2025-08-08 00:00:00+00:00,18.46993064880371,19.957372665405277,18.137020111083984,19.89505195617676,1419317520,0.0,0.0,LINK
2025-08-09 00:00:00+00:00,19.89468765258789,21.94300651550293,19.804473876953125,21.93036460876465,1477363572,0.0,0.0,LINK
2025-08-10 00:00:00+00:00,21.93037414550781,22.61202049255371,21.22233009338379,22.102489471435547,1661730595,0.0,0.0,LINK
2025-08-11 00:00:00+00:00,22.1024227142334,22.548227310180664,20.874250411987305,21.11976623535156,1292163260,0.0,0.0,LINK
2025-08-12 00:00:00+00:00,21.119802474975582,24.0731201171875,21.059091567993164,23.522558212280277,2108631924,0.0,0.0,LINK
2025-08-13 00:00:00+00:00,23.522558212280277,24.65782165527344,23.28087043762207,24.000789642333984,2162305354,0.0,0.0,LINK
2025-08-14 00:00:00+00:00,24.0024528503418,24.27507781982422,21.91804313659668,22.47976493835449,2013471000,0.0,0.0,LINK
2025-08-15 00:00:00+00:00,22.47999763488769,23.02439308166504,21.4353084564209,21.75300407409668,1160731112,0.0,0.0,LINK
2025-08-16 00:00:00+00:00,21.752809524536133,22.950401306152344,21.44015884399414,22.652238845825195,987201586,0.0,0.0,LINK
2025-08-17 00:00:00+00:00,22.652366638183597,26.22469711303711,22.405393600463867,25.68879127502441,2449416880,0.0,0.0,LINK
2025-08-18 00:00:00+00:00,25.68795394897461,26.67671585083008,24.413923263549805,25.75943946838379,3360323981,0.0,0.0,LINK
2025-08-19 00:00:00+00:00,25.75946807861328,25.78093910217285,23.49547576904297,23.518341064453125,2372746788,0.0,0.0,LINK
2025-08-20 00:00:00+00:00,23.51850891113281,26.85666847229004,23.406177520751957,26.36775016784668,2975824470,0.0,0.0,LINK
2025-08-21 00:00:00+00:00,26.3680477142334,26.51304817199707,24.662166595458984,24.78521728515625,2030657214,0.0,0.0,LINK
2025-08-22 00:00:00+00:00,24.7853946685791,27.735258102416992,24.165956497192383,26.746482849121094,3394107927,0.0,0.0,LINK
2025-08-23 00:00:00+00:00,26.74608993530273,26.77305221557617,25.55670928955078,26.278017044067383,1489813562,0.0,0.0,LINK
2025-08-24 00:00:00+00:00,26.27739524841309,26.56713485717773,25.315187454223636,25.82159423828125,1682690001,0.0,0.0,LINK
2025-08-25 00:00:00+00:00,25.82229423522949,26.385013580322266,23.172521591186523,23.395715713500977,2146873839,0.0,0.0,LINK
2025-08-26 00:00:00+00:00,23.39513397216797,24.717517852783203,22.90843963623047,24.399843215942383,1709868832,0.0,0.0,LINK
2025-08-27 00:00:00+00:00,24.39978790283203,24.626983642578125,23.64481735229492,23.757827758789062,1506080838,0.0,0.0,LINK
2025-08-28 00:00:00+00:00,23.75951766967773,25.89582633972168,23.600099563598636,25.18048667907715,2580094417,0.0,0.0,LINK
2025-08-29 00:00:00+00:00,25.18034553527832,25.192163467407227,23.15446662902832,23.433656692504883,1874061841,0.0,0.0,LINK
2025-08-30 00:00:00+00:00,23.433847427368164,23.505321502685547,22.896635055541992,23.497806549072266,698362677,0.0,0.0,LINK
2025-08-31 00:00:00+00:00,23.497879028320312,24.01214599609375,23.22342872619629,23.22403335571289,886417775,0.0,0.0,LINK
2025-09-01 00:00:00+00:00,23.223468780517575,23.82473564147949,22.17880630493164,22.481395721435547,1336339788,0.0,0.0,LINK
2025-09-02 00:00:00+00:00,22.4833984375,23.57184219360352,22.37244033813477,23.480976104736328,1191125537,0.0,0.0,LINK
2025-09-03 00:00:00+00:00,23.481006622314453,23.89001846313477,23.22915267944336,23.69241714477539,831944457,0.0,0.0,LINK
2025-09-04 00:00:00+00:00,23.69241714477539,23.939865112304688,22.2243766784668,22.3513240814209,906230758,0.0,0.0,LINK
2025-09-05 00:00:00+00:00,22.351045608520508,23.182537078857425,22.06454086303711,22.29143714904785,1326920043,0.0,0.0,LINK
2025-09-06 00:00:00+00:00,22.29143714904785,22.48929786682129,21.8975887298584,22.205257415771484,556781221,0.0,0.0,LINK
2025-09-07 00:00:00+00:00,22.205257415771484,22.56988906860352,22.13994407653809,22.465261459350582,482577447,0.0,0.0,LINK
2025-09-08 00:00:00+00:00,22.46540260314941,23.269760131835938,22.267208099365234,23.050865173339844,955077831,0.0,0.0,LINK
2025-09-09 00:00:00+00:00,23.050901412963867,23.794448852539062,22.863370895385746,23.055517196655277,1063479411,0.0,0.0,LINK
2025-09-10 00:00:00+00:00,23.05557632446289,23.88629722595215,22.908233642578125,23.55696678161621,813995265,0.0,0.0,LINK
2025-09-11 00:00:00+00:00,23.55692481994629,24.49222946166992,23.468822479248047,24.46678924560547,1052199907,0.0,0.0,LINK
2025-09-12 00:00:00+00:00,24.46682929992676,25.29320526123047,24.2228946685791,25.13623046875,1143932659,0.0,0.0,LINK
2025-09-13 00:00:00+00:00,25.13585090637207,25.577938079833984,24.502531051635746,24.877197265625,1014268343,0.0,0.0,LINK
2025-09-14 00:00:00+00:00,24.877153396606445,24.99828720092773,23.894683837890625,24.1313533782959,703294515,0.0,0.0,LINK
2025-09-15 00:00:00+00:00,24.131187438964844,24.431182861328125,23.021196365356445,23.584924697875977,900825492,0.0,0.0,LINK
2025-09-16 00:00:00+00:00,23.584932327270508,23.74466133117676,23.160524368286133,23.49462509155273,682554445,0.0,0.0,LINK
2025-09-17 00:00:00+00:00,23.494295120239254,24.230695724487305,22.83267974853516,23.98741340637207,1170212603,0.0,0.0,LINK
2025-09-18 00:00:00+00:00,23.987546920776367,24.72763442993164,23.712194442749023,24.6402530670166,959274372,0.0,0.0,LINK
2025-09-19 00:00:00+00:00,24.64031410217285,24.851457595825195,23.337343215942383,23.49661064147949,1066877361,0.0,0.0,LINK
2025-09-20 00:00:00+00:00,23.496980667114254,23.65432548522949,23.13029670715332,23.34481430053711,501304427,0.0,0.0,LINK
2025-09-21 00:00:00+00:00,23.34473419189453,23.485740661621094,22.940223693847656,22.997249603271484,435051103,0.0,0.0,LINK
2025-09-22 00:00:00+00:00,22.997285842895508,23.03277969360352,20.84096336364746,21.66023063659668,1496100656,0.0,0.0,LINK
2025-09-23 00:00:00+00:00,21.660171508789062,21.988452911376957,21.21957397460937,21.544639587402344,776247349,0.0,0.0,LINK
2025-09-24 00:00:00+00:00,21.54388236999512,21.96425437927246,21.11666488647461,21.620655059814453,811744874,0.0,0.0,LINK
2025-09-25 00:00:00+00:00,21.6207218170166,21.6571044921875,19.91325187683105,20.108457565307617,1222682522,0.0,0.0,LINK
2025-09-26 00:00:00+00:00,20.108800888061523,21.22411346435547,19.974557876586918,21.08590316772461,848191807,0.0,0.0,LINK
2025-09-27 00:00:00+00:00,21.085487365722656,21.151464462280277,20.76164054870605,20.928056716918945,324665391,0.0,0.0,LINK
2025-09-28 00:00:00+00:00,20.92808532714844,21.69170570373535,20.46637725830078,21.680927276611328,446906327,0.0,0.0,LINK
2025-09-29 00:00:00+00:00,21.681005477905277,21.88847541809082,20.96876716613769,21.749244689941406,667529543,0.0,0.0,LINK
2025-09-30 00:00:00+00:00,21.74923324584961,21.836164474487305,21.01544952392578,21.32938766479492,723246420,0.0,0.0,LINK
2025-10-01 00:00:00+00:00,21.329185485839844,22.627830505371094,21.08213424682617,22.582313537597656,844755025,0.0,0.0,LINK
2025-10-02 00:00:00+00:00,22.58274269104004,23.11431121826172,22.001012802124023,22.774349212646484,948735220,0.0,0.0,LINK
2025-10-03 00:00:00+00:00,22.774377822875977,23.05874252319336,22.14243507385254,22.5244083404541,965222469,0.0,0.0,LINK
2025-10-04 00:00:00+00:00,22.524473190307617,22.599348068237305,21.797754287719727,22.032007217407227,628716750,0.0,0.0,LINK
2025-10-05 00:00:00+00:00,22.031980514526367,22.91104507446289,21.93392372131348,22.00239562988281,863779461,0.0,0.0,LINK
2025-10-06 00:00:00+00:00,22.00239562988281,23.57554244995117,21.55360221862793,23.37454605102539,1194602384,0.0,0.0,LINK
2025-10-07 00:00:00+00:00,23.37422180175781,23.669267654418945,21.84727096557617,21.855979919433597,1315570468,0.0,0.0,LINK
2025-10-08 00:00:00+00:00,21.85602188110352,22.653024673461918,21.72518539428711,22.620698928833008,784523519,0.0,0.0,LINK
2025-10-09 00:00:00+00:00,22.620689392089844,22.654375076293945,21.378801345825195,22.012300491333008,880368741,0.0,0.0,LINK
2025-10-10 00:00:00+00:00,22.01220321655273,22.751161575317383,10.17926025390625,17.354766845703125,3361821002,0.0,0.0,LINK
2025-10-11 00:00:00+00:00,17.341880798339844,18.47781181335449,16.67828941345215,17.21348762512207,1988393359,0.0,0.0,LINK
2025-10-12 00:00:00+00:00,17.213497161865234,19.39193725585937,16.765865325927734,19.047706604003903,1278894619,0.0,0.0,LINK
2025-10-13 00:00:00+00:00,19.047571182250977,20.19264411926269,18.81398582458496,19.86493492126465,1422251197,0.0,0.0,LINK
2025-10-14 00:00:00+00:00,19.86488914489746,20.03530502319336,18.158018112182617,19.113391876220703,1375105192,0.0,0.0,LINK
2025-10-15 00:00:00+00:00,19.11338233947754,19.235950469970703,17.843441009521484,18.063411712646484,946169365,0.0,0.0,LINK
2025-10-16 00:00:00+00:00,18.063411712646484,18.566953659057617,17.144947052001953,17.40520477294922,963114595,0.0,0.0,LINK
2025-10-17 00:00:00+00:00,17.405494689941406,17.666961669921875,15.769655227661133,16.611236572265625,1310104291,0.0,0.0,LINK
2025-10-18 00:00:00+00:00,16.61131477355957,16.966510772705078,16.588125228881836,16.820730209350586,444690571,0.0,0.0,LINK
2025-10-19 00:00:00+00:00,16.820730209350586,17.6568603515625,16.553022384643555,17.27528953552246,685360938,0.0,0.0,LINK
2025-10-20 00:00:00+00:00,17.27590560913086,19.17280578613281,16.963077545166016,18.6574764251709,1317301407,0.0,0.0,LINK
2025-10-21 00:00:00+00:00,18.66220474243164,18.940265655517575,17.575393676757812,17.62841796875,1329358652,0.0,0.0,LINK
2025-10-22 00:00:00+00:00,17.628250122070312,17.835784912109375,16.86880111694336,17.207212448120117,945434490,0.0,0.0,LINK
2025-10-23 00:00:00+00:00,17.207212448120117,17.764766693115234,17.139829635620117,17.41607666015625,699180129,0.0,0.0,LINK
2025-10-24 00:00:00+00:00,17.41610336303711,17.984703063964844,17.317310333251953,17.87808609008789,666571200,0.0,0.0,LINK
2025-10-25 00:00:00+00:00,17.87808609008789,18.223819732666016,17.80828285217285,18.01698112487793,355900758,0.0,0.0,LINK
2025-10-26 00:00:00+00:00,18.01751136779785,18.66091537475586,17.7121639251709,18.540292739868164,681105114,0.0,0.0,LINK
2025-10-27 00:00:00+00:00,18.541322708129883,19.02147674560547,18.139427185058597,18.21686744689941,877560888,0.0,0.0,LINK
2025-10-28 00:00:00+00:00,18.216840744018555,18.787517547607425,17.559404373168945,17.840238571166992,869022092,0.0,0.0,LINK
2025-10-29 00:00:00+00:00,17.840322494506836,18.618070602416992,17.69462776184082,18.110286712646484,995502586,0.0,0.0,LINK
2025-10-30 00:00:00+00:00,18.10981750488281,18.400466918945312,16.3859920501709,16.80474281311035,1180005684,0.0,0.0,LINK
2025-10-31 00:00:00+00:00,16.805585861206055,17.419322967529297,16.781984329223633,17.24004554748535,805192726,0.0,0.0,LINK
2025-11-01 00:00:00+00:00,17.240148544311523,17.401369094848633,17.075864791870117,17.1216983795166,438785349,0.0,0.0,LINK
2025-11-02 00:00:00+00:00,17.121679306030273,17.600069046020508,17.007360458374023,17.598976135253906,524183843,0.0,0.0,LINK
2025-11-03 00:00:00+00:00,17.59806251525879,17.62802505493164,15.046916961669922,15.24285888671875,1383418830,0.0,0.0,LINK
2025-11-04 00:00:00+00:00,15.242831230163574,15.474836349487305,13.865748405456545,14.724411964416504,1622564462,0.0,0.0,LINK
2025-11-05 00:00:00+00:00,14.723957061767578,15.377610206604004,14.043899536132812,15.150303840637209,965152397,0.0,0.0,LINK
2025-11-06 00:00:00+00:00,15.149827003479004,15.19433307647705,14.324334144592283,14.716654777526855,733660296,0.0,0.0,LINK
2025-11-07 00:00:00+00:00,14.717702865600586,16.19568634033203,14.365883827209473,15.769024848937988,1052439693,0.0,0.0,LINK
2025-11-08 00:00:00+00:00,15.769099235534668,16.001401901245117,15.149271965026855,15.51535987854004,752557415,0.0,0.0,LINK
2025-11-09 00:00:00+00:00,15.515302658081056,16.09974479675293,15.060649871826172,15.927966117858888,633488337,0.0,0.0,LINK
2025-11-10 00:00:00+00:00,15.927749633789062,16.625041961669922,15.855692863464355,16.34421157836914,841203343,0.0,0.0,LINK
2025-11-11 00:00:00+00:00,16.34475326538086,16.716917037963867,15.27698040008545,15.298300743103027,760231060,0.0,0.0,LINK
2025-11-12 00:00:00+00:00,15.298077583312988,16.209758758544922,14.965481758117676,15.141704559326172,810797365,0.0,0.0,LINK
2025-11-13 00:00:00+00:00,15.14175033569336,15.976841926574709,14.17037868499756,14.584552764892578,1003151749,0.0,0.0,LINK
2025-11-14 00:00:00+00:00,14.58436393737793,14.585670471191406,13.64599609375,13.800078392028809,1100900775,0.0,0.0,LINK
2025-11-15 00:00:00+00:00,13.798151969909668,14.309027671813965,13.798151969909668,14.120943069458008,487126006,0.0,0.0,LINK
2025-11-16 00:00:00+00:00,14.121142387390137,14.473529815673828,13.445899963378906,13.741969108581545,790466339,0.0,0.0,LINK
2025-11-17 00:00:00+00:00,13.741694450378418,14.17671012878418,13.101222038269045,13.306071281433104,865194247,0.0,0.0,LINK
2025-11-18 00:00:00+00:00,13.306604385375977,13.961406707763672,13.120712280273438,13.79493236541748,825409520,0.0,0.0,LINK
2025-11-19 00:00:00+00:00,13.79459285736084,13.79459285736084,12.80105209350586,13.521196365356444,845304901,0.0,0.0,LINK
2025-11-20 00:00:00+00:00,13.521321296691896,13.94057273864746,12.79188632965088,12.925078392028809,1004586893,0.0,0.0,LINK
2025-11-21 00:00:00+00:00,12.92469882965088,13.17544174194336,11.660616874694824,12.119377136230469,1300578209,0.0,0.0,LINK
2025-11-23 00:00:00+00:00,12.172805786132812,12.553123474121094,12.126718521118164,12.486297607421877,546129088,0.0,0.0,LINK
